-- phpMyAdmin SQL Dump
-- version 3.3.9
-- http://www.phpmyadmin.net
--
-- Host: localhost
-- Generation Time: Feb 24, 2013 at 04:28 PM
-- Server version: 5.5.8
-- PHP Version: 5.3.5

SET SQL_MODE="NO_AUTO_VALUE_ON_ZERO";

--
-- Database: `arka_mlm`
--

-- --------------------------------------------------------

--
-- Table structure for table `mlm_bonus`
--

CREATE TABLE IF NOT EXISTS `mlm_bonus` (
  `bonus_network_id` int(15) unsigned NOT NULL DEFAULT '0',
  `bonus_sponsor_acc` int(15) unsigned NOT NULL DEFAULT '0',
  `bonus_sponsor_paid` int(15) unsigned NOT NULL DEFAULT '0',
  `bonus_match_acc` int(15) unsigned NOT NULL DEFAULT '0',
  `bonus_match_paid` int(15) unsigned NOT NULL DEFAULT '0',
  `bonus_node_acc` int(15) unsigned NOT NULL DEFAULT '0',
  `bonus_node_paid` int(15) unsigned NOT NULL DEFAULT '0',
  PRIMARY KEY (`bonus_network_id`)
) ENGINE=MyISAM DEFAULT CHARSET=latin1;

--
-- Dumping data for table `mlm_bonus`
--

INSERT INTO `mlm_bonus` (`bonus_network_id`, `bonus_sponsor_acc`, `bonus_sponsor_paid`, `bonus_match_acc`, `bonus_match_paid`, `bonus_node_acc`, `bonus_node_paid`) VALUES
(1, 2500000, 2500000, 2000000, 2000000, 150000, 150000),
(2, 0, 0, 0, 0, 30000, 0),
(3, 0, 0, 2000000, 0, 60000, 0),
(4, 0, 0, 0, 0, 0, 0),
(5, 0, 0, 0, 0, 0, 0),
(6, 0, 0, 0, 0, 0, 0);

-- --------------------------------------------------------

--
-- Table structure for table `mlm_bonus_index`
--

CREATE TABLE IF NOT EXISTS `mlm_bonus_index` (
  `index_id` int(15) NOT NULL AUTO_INCREMENT,
  `index_date` date NOT NULL DEFAULT '0000-00-00',
  `index_value` float(6,2) NOT NULL DEFAULT '0.00',
  `index_type` enum('daily','weekly','monthly') DEFAULT NULL,
  PRIMARY KEY (`index_id`)
) ENGINE=MyISAM  DEFAULT CHARSET=latin1 AUTO_INCREMENT=6 ;

--
-- Dumping data for table `mlm_bonus_index`
--

INSERT INTO `mlm_bonus_index` (`index_id`, `index_date`, `index_value`, `index_type`) VALUES
(3, '2013-02-14', 12.00, 'daily'),
(4, '2013-02-16', 10.00, 'daily'),
(5, '2013-02-21', 14.00, 'daily');

-- --------------------------------------------------------

--
-- Table structure for table `mlm_bonus_log`
--

CREATE TABLE IF NOT EXISTS `mlm_bonus_log` (
  `bonus_log_id` int(15) unsigned NOT NULL AUTO_INCREMENT,
  `bonus_log_network_id` int(15) unsigned NOT NULL DEFAULT '0',
  `bonus_log_sponsor` int(15) unsigned NOT NULL DEFAULT '0',
  `bonus_log_match` int(15) unsigned NOT NULL DEFAULT '0',
  `bonus_log_node` int(15) unsigned NOT NULL DEFAULT '0',
  `bonus_log_date` date NOT NULL DEFAULT '0000-00-00',
  PRIMARY KEY (`bonus_log_id`),
  KEY `bonus_log_network_id` (`bonus_log_network_id`)
) ENGINE=MyISAM  DEFAULT CHARSET=latin1 AUTO_INCREMENT=4 ;

--
-- Dumping data for table `mlm_bonus_log`
--

INSERT INTO `mlm_bonus_log` (`bonus_log_id`, `bonus_log_network_id`, `bonus_log_sponsor`, `bonus_log_match`, `bonus_log_node`, `bonus_log_date`) VALUES
(1, 1, 2500000, 2000000, 150000, '2013-02-21'),
(2, 2, 0, 0, 30000, '2013-02-21'),
(3, 3, 0, 2000000, 60000, '2013-02-21');

-- --------------------------------------------------------

--
-- Table structure for table `mlm_bonus_transfer`
--

CREATE TABLE IF NOT EXISTS `mlm_bonus_transfer` (
  `transfer_id` int(15) unsigned NOT NULL AUTO_INCREMENT,
  `transfer_network_id` int(15) unsigned NOT NULL DEFAULT '0',
  `transfer_network_par_id` int(15) unsigned NOT NULL DEFAULT '0',
  `transfer_sponsor_paid` int(15) unsigned NOT NULL DEFAULT '0',
  `transfer_match_paid` int(15) unsigned NOT NULL DEFAULT '0',
  `transfer_node_paid` int(15) unsigned NOT NULL DEFAULT '0',
  `transfer_bonus_total` int(15) unsigned NOT NULL DEFAULT '0',
  `transfer_total` int(15) unsigned NOT NULL DEFAULT '0',
  `transfer_cut_index_percent` float(6,2) NOT NULL DEFAULT '0.00',
  `transfer_cut_index` int(15) unsigned NOT NULL DEFAULT '0',
  `transfer_cut_adm` int(15) unsigned NOT NULL DEFAULT '0',
  `transfer_caption` varchar(255) DEFAULT NULL,
  `transfer_category` enum('daily','weekly','monthly') DEFAULT NULL,
  `transfer_type` enum('cash','pulsa') DEFAULT NULL,
  `transfer_bank_id` int(15) unsigned NOT NULL DEFAULT '0',
  `transfer_bank_account_name` varchar(255) DEFAULT NULL,
  `transfer_bank_account_no` varchar(255) DEFAULT NULL,
  `transfer_tax_account_no` varchar(255) DEFAULT NULL,
  `transfer_mobilephone` varchar(255) DEFAULT NULL,
  `transfer_datetime` datetime NOT NULL DEFAULT '0000-00-00 00:00:00',
  PRIMARY KEY (`transfer_id`)
) ENGINE=MyISAM  DEFAULT CHARSET=latin1 AUTO_INCREMENT=5 ;

--
-- Dumping data for table `mlm_bonus_transfer`
--

INSERT INTO `mlm_bonus_transfer` (`transfer_id`, `transfer_network_id`, `transfer_network_par_id`, `transfer_sponsor_paid`, `transfer_match_paid`, `transfer_node_paid`, `transfer_bonus_total`, `transfer_total`, `transfer_cut_index_percent`, `transfer_cut_index`, `transfer_cut_adm`, `transfer_caption`, `transfer_category`, `transfer_type`, `transfer_bank_id`, `transfer_bank_account_name`, `transfer_bank_account_no`, `transfer_tax_account_no`, `transfer_mobilephone`, `transfer_datetime`) VALUES
(2, 1, 0, 2500000, 2000000, 150000, 4650000, 3999000, 14.00, 651000, 0, 'Pembayaran Komisi Tanggal : 21-02-2013', '', '', 0, '', '', NULL, '12312312', '2013-02-21 12:20:53'),
(3, 1, 0, 2500000, 2000000, 150000, 4650000, 3999000, 14.00, 651000, 0, 'Pembayaran Komisi Tanggal : 21-02-2013', '', '', 0, '', '', NULL, '12312312', '2013-02-21 12:21:52'),
(4, 1, 0, 2500000, 2000000, 150000, 4650000, 3999000, 14.00, 651000, 0, 'Pembayaran Komisi Tanggal : 21-02-2013', '', '', 0, '', '', NULL, '12312312', '2013-02-21 12:23:22');

-- --------------------------------------------------------

--
-- Table structure for table `mlm_level`
--

CREATE TABLE IF NOT EXISTS `mlm_level` (
  `level_id` int(13) NOT NULL AUTO_INCREMENT,
  `level_network_id` int(13) NOT NULL DEFAULT '0',
  `level_value` int(13) NOT NULL DEFAULT '0',
  `level_left_node` int(14) NOT NULL DEFAULT '0',
  `level_right_node` int(14) NOT NULL DEFAULT '0',
  PRIMARY KEY (`level_id`),
  KEY `level_network_id` (`level_network_id`)
) ENGINE=MyISAM  DEFAULT CHARSET=latin1 AUTO_INCREMENT=5 ;

--
-- Dumping data for table `mlm_level`
--

INSERT INTO `mlm_level` (`level_id`, `level_network_id`, `level_value`, `level_left_node`, `level_right_node`) VALUES
(1, 1, 1, 1, 1),
(2, 2, 1, 1, 0),
(3, 1, 2, 1, 2),
(4, 3, 1, 1, 1);

-- --------------------------------------------------------

--
-- Table structure for table `mlm_member`
--

CREATE TABLE IF NOT EXISTS `mlm_member` (
  `member_network_id` int(15) unsigned NOT NULL DEFAULT '0',
  `member_name` varchar(255) DEFAULT NULL,
  `member_nickname` varchar(255) DEFAULT NULL,
  `member_email` varchar(255) DEFAULT NULL,
  `member_sex` enum('male','female') DEFAULT NULL,
  `member_address` text,
  `member_city_id` int(15) unsigned NOT NULL DEFAULT '0',
  `member_state_id` int(15) unsigned NOT NULL DEFAULT '0',
  `member_country_id` int(15) unsigned NOT NULL DEFAULT '0',
  `member_zipcode` varchar(255) DEFAULT NULL,
  `member_birth_place` varchar(255) DEFAULT NULL,
  `member_birth_date` date DEFAULT NULL,
  `member_identity_type` enum('ktp','sim','passport') DEFAULT NULL,
  `member_identity_no` varchar(255) DEFAULT NULL,
  `member_phone` varchar(255) DEFAULT NULL,
  `member_fax` varchar(255) DEFAULT NULL,
  `member_mobilephone` varchar(255) DEFAULT NULL,
  `member_image` varchar(255) DEFAULT NULL,
  `member_join_datetime` datetime DEFAULT NULL,
  `member_devisor_name` varchar(255) DEFAULT NULL,
  `member_devisor_relationship` varchar(255) DEFAULT NULL,
  `member_devisor_phone` varchar(255) DEFAULT NULL,
  `member_bank_id` int(15) unsigned NOT NULL DEFAULT '0',
  `member_bank_city` varchar(255) DEFAULT NULL,
  `member_bank_branch` varchar(255) DEFAULT NULL,
  `member_bank_account_name` varchar(255) DEFAULT NULL,
  `member_bank_account_no` varchar(255) DEFAULT NULL,
  `member_tax_account_no` varchar(255) DEFAULT NULL,
  `member_serial_id` varchar(255) NOT NULL,
  `member_serial_pin` varchar(255) NOT NULL,
  `member_register_id` varchar(255) NOT NULL,
  `member_last_update` datetime DEFAULT NULL,
  `member_last_login` datetime DEFAULT NULL,
  `member_is_updated_by_member` enum('0','1') NOT NULL DEFAULT '0',
  `member_is_updated_by_admin` enum('0','1') NOT NULL DEFAULT '0',
  `member_is_suspended` enum('0','1') NOT NULL DEFAULT '0',
  PRIMARY KEY (`member_network_id`)
) ENGINE=MyISAM DEFAULT CHARSET=latin1;

--
-- Dumping data for table `mlm_member`
--

INSERT INTO `mlm_member` (`member_network_id`, `member_name`, `member_nickname`, `member_email`, `member_sex`, `member_address`, `member_city_id`, `member_state_id`, `member_country_id`, `member_zipcode`, `member_birth_place`, `member_birth_date`, `member_identity_type`, `member_identity_no`, `member_phone`, `member_fax`, `member_mobilephone`, `member_image`, `member_join_datetime`, `member_devisor_name`, `member_devisor_relationship`, `member_devisor_phone`, `member_bank_id`, `member_bank_city`, `member_bank_branch`, `member_bank_account_name`, `member_bank_account_no`, `member_tax_account_no`, `member_serial_id`, `member_serial_pin`, `member_register_id`, `member_last_update`, `member_last_login`, `member_is_updated_by_member`, `member_is_updated_by_admin`, `member_is_suspended`) VALUES
(1, 'E-Gold Indonesia', 'egoldindonesia', 'eksklusifgoldindonesia@yahoo.co.id', 'male', 'Jl. Sukaluyu I No. 28 Cihaur Geulis Cibeunying Kaler', 263, 15, 102, '55286', 'Sleman', '2011-02-26', 'ktp', '123123', '0274-6554933', NULL, '12312312', NULL, '2011-02-01 00:00:00', 'adsfaf', 'keluarga', '123123123', 0, NULL, NULL, NULL, NULL, NULL, '3610000001', '210885', 'REG561231489412358', '2011-01-26 00:00:00', NULL, '0', '0', '0'),
(2, 'andro', 'gembel', 'androdads@dasd.com', NULL, NULL, 0, 0, 0, NULL, NULL, NULL, NULL, NULL, NULL, NULL, '123213123', NULL, '2013-02-21 12:03:12', NULL, NULL, NULL, 0, NULL, NULL, NULL, NULL, NULL, '3620000001', '211185', '', NULL, NULL, '0', '0', '0'),
(3, 'andro', 'gembel123', 'androdads@dasd.com', NULL, NULL, 0, 0, 0, NULL, NULL, NULL, NULL, NULL, NULL, NULL, '123213123', NULL, '2013-02-21 12:04:48', NULL, NULL, NULL, 0, NULL, NULL, NULL, NULL, NULL, '3610000003', '382774', '', NULL, NULL, '0', '0', '0'),
(4, 'andro', 'gembel1234', 'androdads@dasd.com', NULL, NULL, 0, 0, 0, NULL, NULL, NULL, NULL, NULL, NULL, NULL, '123213123', NULL, '2013-02-21 12:06:46', NULL, NULL, NULL, 0, NULL, NULL, NULL, NULL, NULL, '3610000007', '268131', '', NULL, NULL, '0', '0', '0'),
(5, 'andro', 'gembel12345', 'androdads@dasd.com', NULL, NULL, 0, 0, 0, NULL, NULL, NULL, NULL, NULL, NULL, NULL, '123213123', NULL, '2013-02-21 12:07:51', NULL, NULL, NULL, 0, NULL, NULL, NULL, NULL, NULL, '3610000008', '089476', '', NULL, NULL, '0', '0', '0'),
(6, 'andro', 'gembel123456', 'androdads@dasd.com', NULL, NULL, 0, 0, 0, NULL, NULL, NULL, NULL, NULL, NULL, NULL, '123213123', NULL, '2013-02-21 12:13:22', NULL, NULL, NULL, 0, NULL, NULL, NULL, NULL, NULL, '3610000009', '811082', '', NULL, NULL, '0', '0', '0');

-- --------------------------------------------------------

--
-- Table structure for table `mlm_netgrow`
--

CREATE TABLE IF NOT EXISTS `mlm_netgrow` (
  `netgrow_id` int(15) unsigned NOT NULL AUTO_INCREMENT,
  `netgrow_network_id` int(15) unsigned NOT NULL DEFAULT '0',
  `netgrow_node_left_real` int(5) unsigned NOT NULL DEFAULT '0',
  `netgrow_node_right_real` int(5) unsigned NOT NULL DEFAULT '0',
  `netgrow_wait_left` int(5) unsigned NOT NULL DEFAULT '0',
  `netgrow_wait_right` int(5) unsigned NOT NULL DEFAULT '0',
  `netgrow_sponsor` int(5) unsigned NOT NULL DEFAULT '0',
  `netgrow_match` int(5) unsigned NOT NULL DEFAULT '0',
  `netgrow_match_real` int(5) unsigned NOT NULL DEFAULT '0',
  `netgrow_node_left` int(5) unsigned NOT NULL DEFAULT '0',
  `netgrow_node_right` int(5) unsigned NOT NULL DEFAULT '0',
  `netgrow_date` date NOT NULL DEFAULT '0000-00-00',
  PRIMARY KEY (`netgrow_id`)
) ENGINE=MyISAM  DEFAULT CHARSET=latin1 AUTO_INCREMENT=4 ;

--
-- Dumping data for table `mlm_netgrow`
--

INSERT INTO `mlm_netgrow` (`netgrow_id`, `netgrow_network_id`, `netgrow_node_left_real`, `netgrow_node_right_real`, `netgrow_wait_left`, `netgrow_wait_right`, `netgrow_sponsor`, `netgrow_match`, `netgrow_match_real`, `netgrow_node_left`, `netgrow_node_right`, `netgrow_date`) VALUES
(1, 1, 2, 3, 0, 0, 5, 1, 0, 2, 3, '2013-02-21'),
(2, 2, 1, 0, 0, 0, 0, 0, 0, 1, 0, '2013-02-21'),
(3, 3, 1, 1, 0, 0, 0, 1, 0, 1, 1, '2013-02-21');

-- --------------------------------------------------------

--
-- Table structure for table `mlm_network`
--

CREATE TABLE IF NOT EXISTS `mlm_network` (
  `network_id` int(15) unsigned NOT NULL AUTO_INCREMENT,
  `network_mid` char(15) NOT NULL,
  `network_position` char(1) NOT NULL,
  `network_upline_network_id` int(15) unsigned NOT NULL DEFAULT '0',
  `network_sponsor_network_id` int(15) unsigned NOT NULL DEFAULT '0',
  `network_right_node_network_id` int(15) unsigned NOT NULL DEFAULT '0',
  `network_left_node_network_id` int(15) unsigned NOT NULL DEFAULT '0',
  `network_node_left` int(15) unsigned NOT NULL DEFAULT '0',
  `network_node_right` int(15) unsigned NOT NULL DEFAULT '0',
  `network_type` enum('0','1','3','4','2') NOT NULL DEFAULT '0',
  PRIMARY KEY (`network_id`)
) ENGINE=MyISAM  DEFAULT CHARSET=latin1 AUTO_INCREMENT=7 ;

--
-- Dumping data for table `mlm_network`
--

INSERT INTO `mlm_network` (`network_id`, `network_mid`, `network_position`, `network_upline_network_id`, `network_sponsor_network_id`, `network_right_node_network_id`, `network_left_node_network_id`, `network_node_left`, `network_node_right`, `network_type`) VALUES
(1, 'EG10000001', 'L', 0, 0, 3, 2, 2, 3, '0'),
(2, 'SS0000057', 'L', 1, 1, 0, 4, 1, 0, '0'),
(3, 'SS0000058', 'R', 1, 1, 5, 6, 1, 1, '0'),
(4, 'SS0000059', 'L', 2, 1, 0, 0, 0, 0, '0'),
(5, 'SS0000060', 'R', 3, 1, 0, 0, 0, 0, '0'),
(6, 'SS0000061', 'L', 3, 1, 0, 0, 0, 0, '0');

-- --------------------------------------------------------

--
-- Table structure for table `mlm_password`
--

CREATE TABLE IF NOT EXISTS `mlm_password` (
  `password_network_id` int(15) unsigned NOT NULL DEFAULT '0',
  `password_value` varchar(255) NOT NULL
) ENGINE=MyISAM DEFAULT CHARSET=latin1;

--
-- Dumping data for table `mlm_password`
--

INSERT INTO `mlm_password` (`password_network_id`, `password_value`) VALUES
(1, '2aefc34200a294a3cc7db81b43a81873'),
(2, '21232f297a57a5a743894a0e4a801fc3'),
(3, '21232f297a57a5a743894a0e4a801fc3'),
(4, '21232f297a57a5a743894a0e4a801fc3'),
(5, '21232f297a57a5a743894a0e4a801fc3'),
(6, '21232f297a57a5a743894a0e4a801fc3');

-- --------------------------------------------------------

--
-- Table structure for table `mlm_reward`
--

CREATE TABLE IF NOT EXISTS `mlm_reward` (
  `reward_id` int(15) NOT NULL AUTO_INCREMENT,
  `reward_cond_node_left` int(15) NOT NULL DEFAULT '0',
  `reward_cond_node_right` int(15) NOT NULL DEFAULT '0',
  `reward_bonus` varchar(255) DEFAULT NULL,
  `reward_type` enum('cash','produk') NOT NULL DEFAULT 'cash',
  `reward_nominal` int(14) NOT NULL DEFAULT '0',
  `reward_is_active` enum('0','1') NOT NULL DEFAULT '1',
  PRIMARY KEY (`reward_id`)
) ENGINE=MyISAM  DEFAULT CHARSET=latin1 AUTO_INCREMENT=5 ;

--
-- Dumping data for table `mlm_reward`
--

INSERT INTO `mlm_reward` (`reward_id`, `reward_cond_node_left`, `reward_cond_node_right`, `reward_bonus`, `reward_type`, `reward_nominal`, `reward_is_active`) VALUES
(1, 20, 20, '1 juta /bln selama setahun', 'cash', 1000000, '1'),
(2, 120, 120, '120 kiri dan 120 kanan : 2 juta /bln selama setahun', 'cash', 2000000, '1'),
(3, 500, 500, '500 kiri dan 500 kanan : 3 juta/bln selama setahun', 'cash', 3000000, '1'),
(4, 1000, 1000, '1000 kiri dan 1000 kanan : mobil', 'produk', 0, '1');

-- --------------------------------------------------------

--
-- Table structure for table `mlm_reward_log`
--

CREATE TABLE IF NOT EXISTS `mlm_reward_log` (
  `reward_log_id` int(15) unsigned NOT NULL AUTO_INCREMENT,
  `reward_log_network_id` int(15) unsigned NOT NULL,
  `reward_log_reward_id` int(15) unsigned NOT NULL,
  `reward_log_reward_bonus` varchar(255) DEFAULT NULL,
  `reward_log_use_datetime` datetime DEFAULT NULL,
  `reward_log_approve_datetime` datetime DEFAULT NULL,
  `reward_log_is_approve` enum('0','1') NOT NULL DEFAULT '0',
  PRIMARY KEY (`reward_log_id`),
  KEY `reward_log_network_id` (`reward_log_network_id`),
  KEY `reward_log_reward_id` (`reward_log_reward_id`)
) ENGINE=MyISAM  DEFAULT CHARSET=latin1 AUTO_INCREMENT=2 ;

--
-- Dumping data for table `mlm_reward_log`
--

INSERT INTO `mlm_reward_log` (`reward_log_id`, `reward_log_network_id`, `reward_log_reward_id`, `reward_log_reward_bonus`, `reward_log_use_datetime`, `reward_log_approve_datetime`, `reward_log_is_approve`) VALUES
(1, 1, 1, 'dapat satu juta tiap bulan', '2013-02-23 19:54:46', '2013-02-23 22:53:58', '1');

-- --------------------------------------------------------

--
-- Table structure for table `mlm_serial`
--

CREATE TABLE IF NOT EXISTS `mlm_serial` (
  `serial_id` bigint(15) NOT NULL DEFAULT '0',
  `serial_mid` varchar(255) DEFAULT NULL,
  `serial_pin` varchar(255) DEFAULT NULL,
  `serial_user_network_id` int(15) unsigned NOT NULL DEFAULT '0',
  `serial_buyer_network_id` int(15) unsigned NOT NULL DEFAULT '0',
  `serial_create_datetime` datetime DEFAULT NULL,
  `serial_active_datetime` datetime DEFAULT NULL,
  `serial_use_datetime` datetime DEFAULT NULL,
  `serial_buy_datetime` datetime DEFAULT NULL,
  `serial_active_by_admin_id` int(15) unsigned NOT NULL DEFAULT '0',
  `serial_is_active` enum('0','1') DEFAULT '0',
  `serial_is_used` enum('0','1') DEFAULT '0',
  PRIMARY KEY (`serial_id`)
) ENGINE=MyISAM DEFAULT CHARSET=latin1;

--
-- Dumping data for table `mlm_serial`
--

INSERT INTO `mlm_serial` (`serial_id`, `serial_mid`, `serial_pin`, `serial_user_network_id`, `serial_buyer_network_id`, `serial_create_datetime`, `serial_active_datetime`, `serial_use_datetime`, `serial_buy_datetime`, `serial_active_by_admin_id`, `serial_is_active`, `serial_is_used`) VALUES
(3610000001, '', '210885', 1, 1, '2011-02-01 00:00:00', '2011-02-01 00:00:00', '2011-02-01 00:00:00', '2011-02-01 00:00:00', 0, '0', '0'),
(3620000001, '', '211185', 2, 0, NULL, NULL, '2013-02-21 12:03:12', NULL, 0, '1', '1'),
(3630000001, NULL, '658948', 32, 0, NULL, NULL, '2013-02-21 10:22:39', NULL, 0, '1', '1'),
(3610000002, NULL, '675404', 33, 0, '2011-02-14 12:17:32', NULL, '2013-02-21 10:24:31', NULL, 0, '1', '1'),
(3610000003, NULL, '382774', 3, 0, '2011-02-14 12:17:32', NULL, '2013-02-21 12:04:48', NULL, 0, '1', '1'),
(3610000004, NULL, '593988', 29, 0, '2011-02-14 12:17:32', NULL, '2013-02-13 13:25:11', NULL, 0, '1', '1'),
(3610000005, NULL, '664872', 30, 0, '2011-02-14 12:17:32', NULL, '2013-02-13 13:30:39', NULL, 0, '1', '1'),
(3610000006, NULL, '601721', 31, 0, '2011-02-14 12:17:32', NULL, '2013-02-13 13:31:20', NULL, 0, '1', '1'),
(3610000007, NULL, '268131', 4, 0, '2011-02-14 12:17:32', NULL, '2013-02-21 12:06:46', NULL, 0, '1', '1'),
(3610000008, NULL, '089476', 5, 0, '2011-02-14 12:17:32', NULL, '2013-02-21 12:07:51', NULL, 0, '1', '1'),
(3610000009, NULL, '811082', 6, 0, '2011-02-14 12:17:32', NULL, '2013-02-21 12:13:22', NULL, 0, '1', '1'),
(3610000010, NULL, '274820', 0, 0, '2011-02-14 12:17:32', NULL, NULL, NULL, 0, '1', '0'),
(3610000011, NULL, '460390', 0, 0, '2011-02-14 12:17:32', NULL, NULL, NULL, 0, '1', '0'),
(3610000012, NULL, '144730', 0, 0, '2011-02-14 12:17:32', NULL, NULL, NULL, 0, '1', '0'),
(3610000013, NULL, '113733', 0, 0, '2011-02-14 12:17:32', NULL, NULL, NULL, 0, '1', '0'),
(3610000014, NULL, '783455', 0, 0, '2011-02-14 12:17:32', NULL, NULL, NULL, 0, '1', '0'),
(3610000015, NULL, '685807', 0, 0, '2011-02-14 12:17:32', NULL, NULL, NULL, 0, '1', '0'),
(3610000016, NULL, '527368', 0, 0, '2011-02-14 12:17:32', NULL, NULL, NULL, 0, '1', '0'),
(3610000017, NULL, '033060', 0, 0, '2011-02-14 12:17:32', NULL, NULL, NULL, 0, '1', '0'),
(3610000018, NULL, '168999', 0, 0, '2011-02-14 12:17:32', NULL, NULL, NULL, 0, '1', '0'),
(3610000019, NULL, '504987', 0, 0, '2011-02-14 12:17:32', NULL, NULL, NULL, 0, '1', '0'),
(3610000020, NULL, '987067', 0, 0, '2011-02-14 12:17:32', NULL, NULL, NULL, 0, '1', '0'),
(3610000021, NULL, '433357', 0, 0, '2011-02-14 12:17:32', NULL, NULL, NULL, 0, '1', '0'),
(3610000022, NULL, '535315', 0, 0, '2011-02-14 12:17:32', NULL, NULL, NULL, 0, '1', '0'),
(3610000023, NULL, '830786', 0, 0, '2011-02-14 12:17:32', NULL, NULL, NULL, 0, '1', '0'),
(3610000024, NULL, '110797', 0, 0, '2011-02-14 12:17:32', NULL, NULL, NULL, 0, '1', '0'),
(3610000025, NULL, '187874', 0, 0, '2011-02-14 12:17:32', NULL, NULL, NULL, 0, '1', '0'),
(3610000026, NULL, '353462', 0, 0, '2011-02-14 12:17:32', NULL, NULL, NULL, 0, '1', '0'),
(3610000027, NULL, '464870', 0, 0, '2011-02-14 12:17:32', NULL, NULL, NULL, 0, '1', '0'),
(3610000028, NULL, '772034', 0, 0, '2011-02-14 12:17:32', NULL, NULL, NULL, 0, '1', '0'),
(3610000029, NULL, '558339', 0, 0, '2011-02-14 12:17:32', NULL, NULL, NULL, 0, '1', '0'),
(3610000030, NULL, '300782', 0, 0, '2011-02-14 12:17:32', NULL, NULL, NULL, 0, '1', '0'),
(3610000031, NULL, '723280', 0, 0, '2011-02-14 12:17:32', NULL, NULL, NULL, 0, '1', '0'),
(3610000032, NULL, '449425', 0, 0, '2011-02-14 12:17:32', NULL, NULL, NULL, 0, '1', '0'),
(3610000033, NULL, '813441', 0, 0, '2011-02-14 12:17:32', NULL, NULL, NULL, 0, '1', '0'),
(3610000034, NULL, '076064', 0, 0, '2011-02-14 12:17:32', NULL, NULL, NULL, 0, '1', '0'),
(3610000035, NULL, '544524', 0, 0, '2011-02-14 12:17:32', NULL, NULL, NULL, 0, '1', '0'),
(3610000036, NULL, '026887', 0, 0, '2011-02-14 12:17:32', NULL, NULL, NULL, 0, '1', '0'),
(3610000037, NULL, '036888', 0, 0, '2011-02-14 12:17:32', NULL, NULL, NULL, 0, '1', '0'),
(3610000038, NULL, '346121', 0, 0, '2011-02-14 12:17:32', NULL, NULL, NULL, 0, '1', '0'),
(3610000039, NULL, '589524', 0, 0, '2011-02-14 12:17:32', NULL, NULL, NULL, 0, '1', '0'),
(3610000040, NULL, '354540', 0, 0, '2011-02-14 12:17:32', NULL, NULL, NULL, 0, '1', '0'),
(3610000041, NULL, '459750', 0, 0, '2011-02-14 12:17:32', NULL, NULL, NULL, 0, '1', '0'),
(3610000042, NULL, '025816', 0, 0, '2011-02-14 12:17:32', NULL, NULL, NULL, 0, '1', '0'),
(3610000043, NULL, '153847', 0, 0, '2011-02-14 12:17:32', NULL, NULL, NULL, 0, '1', '0'),
(3610000044, NULL, '137534', 0, 0, '2011-02-14 12:17:32', NULL, NULL, NULL, 0, '1', '0'),
(3610000045, NULL, '095024', 0, 0, '2011-02-14 12:17:32', NULL, NULL, NULL, 0, '1', '0'),
(3610000046, NULL, '665143', 0, 0, '2011-02-14 12:17:32', NULL, NULL, NULL, 0, '1', '0'),
(3610000047, NULL, '527218', 0, 0, '2011-02-14 12:17:32', NULL, NULL, NULL, 0, '1', '0'),
(3610000048, NULL, '051843', 0, 0, '2011-02-14 12:17:32', NULL, NULL, NULL, 0, '1', '0'),
(3610000049, NULL, '832001', 0, 0, '2011-02-14 12:17:32', NULL, NULL, NULL, 0, '1', '0'),
(3610000050, NULL, '149982', 0, 0, '2011-02-14 12:17:32', NULL, NULL, NULL, 0, '1', '0'),
(3610000051, NULL, '328637', 0, 0, '2011-02-14 12:17:32', NULL, NULL, NULL, 0, '1', '0'),
(3610000052, NULL, '721665', 0, 0, '2011-02-14 12:17:32', NULL, NULL, NULL, 0, '1', '0'),
(3610000053, NULL, '589312', 0, 0, '2011-02-14 12:17:32', NULL, NULL, NULL, 0, '1', '0'),
(3610000054, NULL, '497129', 0, 0, '2011-02-14 12:17:32', NULL, NULL, NULL, 0, '1', '0'),
(3610000055, NULL, '874572', 0, 0, '2011-02-14 12:17:32', NULL, NULL, NULL, 0, '1', '0'),
(3610000056, NULL, '857669', 0, 0, '2011-02-14 12:17:32', NULL, NULL, NULL, 0, '1', '0'),
(3610000057, NULL, '363603', 0, 0, '2011-02-14 12:17:32', NULL, NULL, NULL, 0, '1', '0'),
(3610000058, NULL, '818386', 0, 0, '2011-02-14 12:17:32', NULL, NULL, NULL, 0, '1', '0'),
(3610000059, NULL, '983993', 0, 0, '2011-02-14 12:17:32', NULL, NULL, NULL, 0, '1', '0'),
(3610000060, NULL, '743578', 0, 0, '2011-02-14 12:17:32', NULL, NULL, NULL, 0, '1', '0'),
(3610000061, NULL, '960643', 0, 0, '2011-02-14 12:17:32', NULL, NULL, NULL, 0, '1', '0'),
(3610000062, NULL, '347546', 0, 0, '2011-02-14 12:17:32', NULL, NULL, NULL, 0, '1', '0'),
(3610000063, NULL, '364040', 0, 0, '2011-02-14 12:17:32', NULL, NULL, NULL, 0, '1', '0'),
(3610000064, NULL, '839268', 0, 0, '2011-02-14 12:17:32', NULL, NULL, NULL, 0, '1', '0'),
(3610000065, NULL, '586770', 0, 0, '2011-02-14 12:17:32', NULL, NULL, NULL, 0, '1', '0'),
(3610000066, NULL, '783513', 0, 0, '2011-02-14 12:17:32', NULL, NULL, NULL, 0, '1', '0'),
(3610000067, NULL, '685729', 0, 0, '2011-02-14 12:17:32', NULL, NULL, NULL, 0, '1', '0'),
(3610000068, NULL, '249390', 0, 0, '2011-02-14 12:17:32', NULL, NULL, NULL, 0, '1', '0'),
(3610000069, NULL, '137485', 0, 0, '2011-02-14 12:17:32', NULL, NULL, NULL, 0, '1', '0'),
(3610000070, NULL, '531253', 0, 0, '2011-02-14 12:17:32', NULL, NULL, NULL, 0, '1', '0'),
(3610000071, NULL, '168633', 0, 0, '2011-02-14 12:17:32', NULL, NULL, NULL, 0, '1', '0'),
(3610000072, NULL, '747047', 0, 0, '2011-02-14 12:17:32', NULL, NULL, NULL, 0, '1', '0'),
(3610000073, NULL, '478593', 0, 0, '2011-02-14 12:17:32', NULL, NULL, NULL, 0, '1', '0'),
(3610000074, NULL, '029415', 0, 0, '2011-02-14 12:17:32', NULL, NULL, NULL, 0, '1', '0'),
(3610000075, NULL, '879054', 0, 0, '2011-02-14 12:17:32', NULL, NULL, NULL, 0, '1', '0'),
(3610000076, NULL, '458709', 0, 0, '2011-02-14 12:17:32', NULL, NULL, NULL, 0, '1', '0'),
(3610000077, NULL, '611250', 0, 0, '2011-02-14 12:17:32', NULL, NULL, NULL, 0, '1', '0'),
(3610000078, NULL, '974134', 0, 0, '2011-02-14 12:17:32', NULL, NULL, NULL, 0, '1', '0'),
(3610000079, NULL, '435132', 0, 0, '2011-02-14 12:17:32', NULL, NULL, NULL, 0, '1', '0'),
(3610000080, NULL, '819747', 0, 0, '2011-02-14 12:17:32', NULL, NULL, NULL, 0, '1', '0'),
(3610000081, NULL, '975742', 0, 0, '2011-02-14 12:17:32', NULL, NULL, NULL, 0, '1', '0'),
(3610000082, NULL, '445001', 0, 0, '2011-02-14 12:17:32', NULL, NULL, NULL, 0, '1', '0'),
(3610000083, NULL, '306260', 0, 0, '2011-02-14 12:17:32', NULL, NULL, NULL, 0, '1', '0'),
(3610000084, NULL, '266461', 0, 0, '2011-02-14 12:17:32', NULL, NULL, NULL, 0, '1', '0'),
(3610000085, NULL, '247464', 0, 0, '2011-02-14 12:17:32', NULL, NULL, NULL, 0, '1', '0'),
(3610000086, NULL, '101047', 0, 0, '2011-02-14 12:17:32', NULL, NULL, NULL, 0, '1', '0'),
(3610000087, NULL, '953359', 0, 0, '2011-02-14 12:17:32', NULL, NULL, NULL, 0, '1', '0'),
(3610000088, NULL, '422588', 0, 0, '2011-02-14 12:17:32', NULL, NULL, NULL, 0, '1', '0'),
(3610000089, NULL, '445762', 0, 0, '2011-02-14 12:17:32', NULL, NULL, NULL, 0, '1', '0'),
(3610000090, NULL, '938707', 0, 0, '2011-02-14 12:17:32', NULL, NULL, NULL, 0, '1', '0'),
(3610000091, NULL, '436189', 0, 0, '2011-02-14 12:17:32', NULL, NULL, NULL, 0, '1', '0'),
(3610000092, NULL, '564854', 0, 0, '2011-02-14 12:17:32', NULL, NULL, NULL, 0, '1', '0'),
(3610000093, NULL, '072642', 0, 0, '2011-02-14 12:17:32', NULL, NULL, NULL, 0, '1', '0'),
(3610000094, NULL, '095351', 0, 0, '2011-02-14 12:17:32', NULL, NULL, NULL, 0, '1', '0'),
(3610000095, NULL, '469840', 0, 0, '2011-02-14 12:17:32', NULL, NULL, NULL, 0, '1', '0'),
(3610000096, NULL, '337132', 0, 0, '2011-02-14 12:17:32', NULL, NULL, NULL, 0, '1', '0'),
(3610000097, NULL, '038744', 0, 0, '2011-02-14 12:17:32', NULL, NULL, NULL, 0, '1', '0'),
(3610000098, NULL, '830779', 0, 0, '2011-02-14 12:17:32', NULL, NULL, NULL, 0, '1', '0'),
(3610000099, NULL, '454486', 0, 0, '2011-02-14 12:17:32', NULL, NULL, NULL, 0, '1', '0'),
(3610000100, NULL, '210047', 0, 0, '2011-02-14 12:17:32', NULL, NULL, NULL, 0, '1', '0'),
(3610000101, NULL, '817879', 0, 0, '2011-02-14 12:17:32', NULL, NULL, NULL, 0, '1', '0'),
(3620000002, NULL, '522036', 0, 0, '2011-02-14 12:17:38', NULL, NULL, NULL, 0, '1', '0'),
(3620000003, NULL, '529470', 0, 0, '2011-02-14 12:17:38', NULL, NULL, NULL, 0, '1', '0'),
(3620000004, NULL, '547337', 0, 0, '2011-02-14 12:17:38', NULL, NULL, NULL, 0, '1', '0'),
(3620000005, NULL, '940889', 0, 0, '2011-02-14 12:17:38', NULL, NULL, NULL, 0, '1', '0'),
(3620000006, NULL, '684410', 0, 0, '2011-02-14 12:17:38', NULL, NULL, NULL, 0, '1', '0'),
(3620000007, NULL, '510862', 0, 0, '2011-02-14 12:17:38', NULL, NULL, NULL, 0, '1', '0'),
(3620000008, NULL, '338862', 0, 0, '2011-02-14 12:17:38', NULL, NULL, NULL, 0, '1', '0'),
(3620000009, NULL, '848904', 0, 0, '2011-02-14 12:17:38', NULL, NULL, NULL, 0, '1', '0'),
(3620000010, NULL, '051999', 0, 0, '2011-02-14 12:17:38', NULL, NULL, NULL, 0, '1', '0'),
(3620000011, NULL, '342956', 0, 0, '2011-02-14 12:17:38', NULL, NULL, NULL, 0, '1', '0'),
(3620000012, NULL, '033044', 0, 0, '2011-02-14 12:17:38', NULL, NULL, NULL, 0, '1', '0'),
(3620000013, NULL, '524899', 0, 0, '2011-02-14 12:17:38', NULL, NULL, NULL, 0, '1', '0'),
(3620000014, NULL, '692687', 0, 0, '2011-02-14 12:17:38', NULL, NULL, NULL, 0, '1', '0'),
(3620000015, NULL, '487295', 0, 0, '2011-02-14 12:17:38', NULL, NULL, NULL, 0, '1', '0'),
(3620000016, NULL, '274536', 0, 0, '2011-02-14 12:17:38', NULL, NULL, NULL, 0, '1', '0'),
(3620000017, NULL, '680547', 0, 0, '2011-02-14 12:17:38', NULL, NULL, NULL, 0, '1', '0'),
(3620000018, NULL, '747195', 0, 0, '2011-02-14 12:17:38', NULL, NULL, NULL, 0, '1', '0'),
(3620000019, NULL, '925831', 0, 0, '2011-02-14 12:17:38', NULL, NULL, NULL, 0, '1', '0'),
(3620000020, NULL, '939336', 0, 0, '2011-02-14 12:17:38', NULL, NULL, NULL, 0, '1', '0'),
(3620000021, NULL, '619371', 0, 0, '2011-02-14 12:17:38', NULL, NULL, NULL, 0, '1', '0'),
(3620000022, NULL, '043018', 0, 0, '2011-02-14 12:17:38', NULL, NULL, NULL, 0, '1', '0'),
(3620000023, NULL, '854170', 0, 0, '2011-02-14 12:17:38', NULL, NULL, NULL, 0, '1', '0'),
(3620000024, NULL, '196334', 0, 0, '2011-02-14 12:17:38', NULL, NULL, NULL, 0, '1', '0'),
(3620000025, NULL, '200108', 0, 0, '2011-02-14 12:17:38', NULL, NULL, NULL, 0, '1', '0'),
(3620000026, NULL, '911165', 0, 0, '2011-02-14 12:17:38', NULL, NULL, NULL, 0, '1', '0'),
(3620000027, NULL, '186198', 0, 0, '2011-02-14 12:17:38', NULL, NULL, NULL, 0, '1', '0'),
(3620000028, NULL, '597741', 0, 0, '2011-02-14 12:17:38', NULL, NULL, NULL, 0, '1', '0'),
(3620000029, NULL, '948349', 0, 0, '2011-02-14 12:17:38', NULL, NULL, NULL, 0, '1', '0'),
(3620000030, NULL, '969244', 0, 0, '2011-02-14 12:17:38', NULL, NULL, NULL, 0, '1', '0'),
(3620000031, NULL, '717209', 0, 0, '2011-02-14 12:17:38', NULL, NULL, NULL, 0, '1', '0'),
(3620000032, NULL, '440344', 0, 0, '2011-02-14 12:17:38', NULL, NULL, NULL, 0, '1', '0'),
(3620000033, NULL, '020681', 0, 0, '2011-02-14 12:17:38', NULL, NULL, NULL, 0, '1', '0'),
(3620000034, NULL, '313962', 0, 0, '2011-02-14 12:17:38', NULL, NULL, NULL, 0, '1', '0'),
(3620000035, NULL, '047892', 0, 0, '2011-02-14 12:17:38', NULL, NULL, NULL, 0, '1', '0'),
(3620000036, NULL, '042053', 0, 0, '2011-02-14 12:17:38', NULL, NULL, NULL, 0, '1', '0'),
(3620000037, NULL, '507469', 0, 0, '2011-02-14 12:17:38', NULL, NULL, NULL, 0, '1', '0'),
(3620000038, NULL, '961343', 0, 0, '2011-02-14 12:17:38', NULL, NULL, NULL, 0, '1', '0'),
(3620000039, NULL, '082731', 0, 0, '2011-02-14 12:17:38', NULL, NULL, NULL, 0, '1', '0'),
(3620000040, NULL, '239141', 0, 0, '2011-02-14 12:17:38', NULL, NULL, NULL, 0, '1', '0'),
(3620000041, NULL, '000714', 0, 0, '2011-02-14 12:17:38', NULL, NULL, NULL, 0, '1', '0'),
(3620000042, NULL, '870605', 0, 0, '2011-02-14 12:17:38', NULL, NULL, NULL, 0, '1', '0'),
(3620000043, NULL, '119566', 0, 0, '2011-02-14 12:17:38', NULL, NULL, NULL, 0, '1', '0'),
(3620000044, NULL, '430677', 0, 0, '2011-02-14 12:17:38', NULL, NULL, NULL, 0, '1', '0'),
(3620000045, NULL, '599681', 0, 0, '2011-02-14 12:17:38', NULL, NULL, NULL, 0, '1', '0'),
(3620000046, NULL, '049629', 0, 0, '2011-02-14 12:17:38', NULL, NULL, NULL, 0, '1', '0'),
(3620000047, NULL, '989582', 0, 0, '2011-02-14 12:17:38', NULL, NULL, NULL, 0, '1', '0'),
(3620000048, NULL, '943160', 0, 0, '2011-02-14 12:17:38', NULL, NULL, NULL, 0, '1', '0'),
(3620000049, NULL, '865163', 0, 0, '2011-02-14 12:17:38', NULL, NULL, NULL, 0, '1', '0'),
(3620000050, NULL, '446191', 0, 0, '2011-02-14 12:17:38', NULL, NULL, NULL, 0, '1', '0'),
(3620000051, NULL, '257819', 0, 0, '2011-02-14 12:17:38', NULL, NULL, NULL, 0, '1', '0'),
(3620000052, NULL, '955408', 0, 0, '2011-02-14 12:17:38', NULL, NULL, NULL, 0, '1', '0'),
(3620000053, NULL, '788247', 0, 0, '2011-02-14 12:17:38', NULL, NULL, NULL, 0, '1', '0'),
(3620000054, NULL, '174857', 0, 0, '2011-02-14 12:17:38', NULL, NULL, NULL, 0, '1', '0'),
(3620000055, NULL, '235575', 0, 0, '2011-02-14 12:17:38', NULL, NULL, NULL, 0, '1', '0'),
(3620000056, NULL, '278864', 0, 0, '2011-02-14 12:17:38', NULL, NULL, NULL, 0, '1', '0'),
(3620000057, NULL, '239776', 0, 0, '2011-02-14 12:17:38', NULL, NULL, NULL, 0, '1', '0'),
(3620000058, NULL, '484861', 0, 0, '2011-02-14 12:17:38', NULL, NULL, NULL, 0, '1', '0'),
(3620000059, NULL, '397667', 0, 0, '2011-02-14 12:17:38', NULL, NULL, NULL, 0, '1', '0'),
(3620000060, NULL, '864439', 0, 0, '2011-02-14 12:17:38', NULL, NULL, NULL, 0, '1', '0'),
(3620000061, NULL, '294925', 0, 0, '2011-02-14 12:17:38', NULL, NULL, NULL, 0, '1', '0'),
(3620000062, NULL, '608559', 0, 0, '2011-02-14 12:17:38', NULL, NULL, NULL, 0, '1', '0'),
(3620000063, NULL, '798661', 0, 0, '2011-02-14 12:17:38', NULL, NULL, NULL, 0, '1', '0'),
(3620000064, NULL, '859127', 0, 0, '2011-02-14 12:17:38', NULL, NULL, NULL, 0, '1', '0'),
(3620000065, NULL, '865490', 0, 0, '2011-02-14 12:17:38', NULL, NULL, NULL, 0, '1', '0'),
(3620000066, NULL, '918658', 0, 0, '2011-02-14 12:17:38', NULL, NULL, NULL, 0, '1', '0'),
(3620000067, NULL, '510700', 0, 0, '2011-02-14 12:17:38', NULL, NULL, NULL, 0, '1', '0'),
(3620000068, NULL, '143518', 0, 0, '2011-02-14 12:17:38', NULL, NULL, NULL, 0, '1', '0'),
(3620000069, NULL, '322094', 0, 0, '2011-02-14 12:17:38', NULL, NULL, NULL, 0, '1', '0'),
(3620000070, NULL, '495589', 0, 0, '2011-02-14 12:17:38', NULL, NULL, NULL, 0, '1', '0'),
(3620000071, NULL, '881482', 0, 0, '2011-02-14 12:17:38', NULL, NULL, NULL, 0, '1', '0'),
(3620000072, NULL, '113091', 0, 0, '2011-02-14 12:17:38', NULL, NULL, NULL, 0, '1', '0'),
(3620000073, NULL, '716695', 0, 0, '2011-02-14 12:17:38', NULL, NULL, NULL, 0, '1', '0'),
(3620000074, NULL, '683753', 0, 0, '2011-02-14 12:17:38', NULL, NULL, NULL, 0, '1', '0'),
(3620000075, NULL, '025296', 0, 0, '2011-02-14 12:17:38', NULL, NULL, NULL, 0, '1', '0'),
(3620000076, NULL, '903674', 0, 0, '2011-02-14 12:17:38', NULL, NULL, NULL, 0, '1', '0'),
(3620000077, NULL, '066322', 0, 0, '2011-02-14 12:17:38', NULL, NULL, NULL, 0, '1', '0'),
(3620000078, NULL, '732272', 0, 0, '2011-02-14 12:17:38', NULL, NULL, NULL, 0, '1', '0'),
(3620000079, NULL, '014606', 0, 0, '2011-02-14 12:17:38', NULL, NULL, NULL, 0, '1', '0'),
(3620000080, NULL, '428423', 0, 0, '2011-02-14 12:17:38', NULL, NULL, NULL, 0, '1', '0'),
(3620000081, NULL, '636877', 0, 0, '2011-02-14 12:17:38', NULL, NULL, NULL, 0, '1', '0'),
(3620000082, NULL, '045857', 0, 0, '2011-02-14 12:17:38', NULL, NULL, NULL, 0, '1', '0'),
(3620000083, NULL, '177361', 0, 0, '2011-02-14 12:17:38', NULL, NULL, NULL, 0, '1', '0'),
(3620000084, NULL, '023734', 0, 0, '2011-02-14 12:17:38', NULL, NULL, NULL, 0, '1', '0'),
(3620000085, NULL, '621111', 0, 0, '2011-02-14 12:17:38', NULL, NULL, NULL, 0, '1', '0'),
(3620000086, NULL, '136950', 0, 0, '2011-02-14 12:17:38', NULL, NULL, NULL, 0, '1', '0'),
(3620000087, NULL, '037011', 0, 0, '2011-02-14 12:17:38', NULL, NULL, NULL, 0, '1', '0'),
(3620000088, NULL, '637813', 0, 0, '2011-02-14 12:17:38', NULL, NULL, NULL, 0, '1', '0'),
(3620000089, NULL, '802217', 0, 0, '2011-02-14 12:17:38', NULL, NULL, NULL, 0, '1', '0'),
(3620000090, NULL, '596591', 0, 0, '2011-02-14 12:17:38', NULL, NULL, NULL, 0, '1', '0'),
(3620000091, NULL, '987301', 0, 0, '2011-02-14 12:17:38', NULL, NULL, NULL, 0, '1', '0'),
(3620000092, NULL, '499459', 0, 0, '2011-02-14 12:17:38', NULL, NULL, NULL, 0, '1', '0'),
(3620000093, NULL, '220897', 0, 0, '2011-02-14 12:17:38', NULL, NULL, NULL, 0, '1', '0'),
(3620000094, NULL, '262021', 0, 0, '2011-02-14 12:17:38', NULL, NULL, NULL, 0, '1', '0'),
(3620000095, NULL, '726172', 0, 0, '2011-02-14 12:17:38', NULL, NULL, NULL, 0, '1', '0'),
(3620000096, NULL, '354184', 0, 0, '2011-02-14 12:17:38', NULL, NULL, NULL, 0, '1', '0'),
(3620000097, NULL, '085439', 0, 0, '2011-02-14 12:17:38', NULL, NULL, NULL, 0, '1', '0'),
(3620000098, NULL, '095501', 0, 0, '2011-02-14 12:17:38', NULL, NULL, NULL, 0, '1', '0'),
(3620000099, NULL, '692137', 0, 0, '2011-02-14 12:17:38', NULL, NULL, NULL, 0, '1', '0'),
(3620000100, NULL, '217637', 0, 0, '2011-02-14 12:17:38', NULL, NULL, NULL, 0, '1', '0'),
(3620000101, NULL, '134132', 0, 0, '2011-02-14 12:17:38', NULL, NULL, NULL, 0, '1', '0'),
(3630000002, NULL, '208706', 0, 0, '2011-02-14 12:17:44', NULL, NULL, NULL, 0, '1', '0'),
(3630000003, NULL, '733559', 0, 0, '2011-02-14 12:17:44', NULL, NULL, NULL, 0, '1', '0'),
(3630000004, NULL, '692220', 0, 0, '2011-02-14 12:17:44', NULL, NULL, NULL, 0, '1', '0'),
(3630000005, NULL, '479602', 0, 0, '2011-02-14 12:17:44', NULL, NULL, NULL, 0, '1', '0'),
(3630000006, NULL, '145918', 0, 0, '2011-02-14 12:17:44', NULL, NULL, NULL, 0, '1', '0'),
(3630000007, NULL, '678301', 0, 0, '2011-02-14 12:17:44', NULL, NULL, NULL, 0, '1', '0'),
(3630000008, NULL, '314362', 0, 0, '2011-02-14 12:17:44', NULL, NULL, NULL, 0, '1', '0'),
(3630000009, NULL, '820592', 0, 0, '2011-02-14 12:17:44', NULL, NULL, NULL, 0, '1', '0'),
(3630000010, NULL, '047423', 0, 0, '2011-02-14 12:17:44', NULL, NULL, NULL, 0, '1', '0'),
(3630000011, NULL, '215357', 0, 0, '2011-02-14 12:17:44', NULL, NULL, NULL, 0, '1', '0'),
(3630000012, NULL, '534280', 0, 0, '2011-02-14 12:17:44', NULL, NULL, NULL, 0, '1', '0'),
(3630000013, NULL, '479708', 0, 0, '2011-02-14 12:17:44', NULL, NULL, NULL, 0, '1', '0'),
(3630000014, NULL, '444473', 0, 0, '2011-02-14 12:17:44', NULL, NULL, NULL, 0, '1', '0'),
(3630000015, NULL, '213559', 0, 0, '2011-02-14 12:17:44', NULL, NULL, NULL, 0, '1', '0'),
(3630000016, NULL, '601894', 0, 0, '2011-02-14 12:17:44', NULL, NULL, NULL, 0, '1', '0'),
(3630000017, NULL, '283791', 0, 0, '2011-02-14 12:17:44', NULL, NULL, NULL, 0, '1', '0'),
(3630000018, NULL, '185992', 0, 0, '2011-02-14 12:17:44', NULL, NULL, NULL, 0, '1', '0'),
(3630000019, NULL, '942583', 0, 0, '2011-02-14 12:17:44', NULL, NULL, NULL, 0, '1', '0'),
(3630000020, NULL, '675452', 0, 0, '2011-02-14 12:17:44', NULL, NULL, NULL, 0, '1', '0'),
(3630000021, NULL, '210356', 0, 0, '2011-02-14 12:17:44', NULL, NULL, NULL, 0, '1', '0'),
(3630000022, NULL, '091062', 0, 0, '2011-02-14 12:17:44', NULL, NULL, NULL, 0, '1', '0'),
(3630000023, NULL, '606798', 0, 0, '2011-02-14 12:17:44', NULL, NULL, NULL, 0, '1', '0'),
(3630000024, NULL, '597549', 0, 0, '2011-02-14 12:17:44', NULL, NULL, NULL, 0, '1', '0'),
(3630000025, NULL, '479160', 0, 0, '2011-02-14 12:17:44', NULL, NULL, NULL, 0, '1', '0'),
(3630000026, NULL, '476389', 0, 0, '2011-02-14 12:17:44', NULL, NULL, NULL, 0, '1', '0'),
(3630000027, NULL, '196795', 0, 0, '2011-02-14 12:17:44', NULL, NULL, NULL, 0, '1', '0'),
(3630000028, NULL, '236551', 0, 0, '2011-02-14 12:17:44', NULL, NULL, NULL, 0, '1', '0'),
(3630000029, NULL, '596506', 0, 0, '2011-02-14 12:17:44', NULL, NULL, NULL, 0, '1', '0'),
(3630000030, NULL, '257069', 0, 0, '2011-02-14 12:17:44', NULL, NULL, NULL, 0, '1', '0'),
(3630000031, NULL, '504475', 0, 0, '2011-02-14 12:17:44', NULL, NULL, NULL, 0, '1', '0'),
(3630000032, NULL, '191696', 0, 0, '2011-02-14 12:17:44', NULL, NULL, NULL, 0, '1', '0'),
(3630000033, NULL, '184873', 0, 0, '2011-02-14 12:17:44', NULL, NULL, NULL, 0, '1', '0'),
(3630000034, NULL, '190548', 0, 0, '2011-02-14 12:17:44', NULL, NULL, NULL, 0, '1', '0'),
(3630000035, NULL, '260295', 0, 0, '2011-02-14 12:17:44', NULL, NULL, NULL, 0, '1', '0'),
(3630000036, NULL, '560686', 0, 0, '2011-02-14 12:17:44', NULL, NULL, NULL, 0, '1', '0'),
(3630000037, NULL, '423394', 0, 0, '2011-02-14 12:17:44', NULL, NULL, NULL, 0, '1', '0'),
(3630000038, NULL, '274596', 0, 0, '2011-02-14 12:17:44', NULL, NULL, NULL, 0, '1', '0'),
(3630000039, NULL, '462897', 0, 0, '2011-02-14 12:17:44', NULL, NULL, NULL, 0, '1', '0'),
(3630000040, NULL, '988471', 0, 0, '2011-02-14 12:17:44', NULL, NULL, NULL, 0, '1', '0'),
(3630000041, NULL, '116751', 0, 0, '2011-02-14 12:17:44', NULL, NULL, NULL, 0, '1', '0'),
(3630000042, NULL, '309656', 0, 0, '2011-02-14 12:17:44', NULL, NULL, NULL, 0, '1', '0'),
(3630000043, NULL, '836557', 0, 0, '2011-02-14 12:17:44', NULL, NULL, NULL, 0, '1', '0'),
(3630000044, NULL, '757470', 0, 0, '2011-02-14 12:17:44', NULL, NULL, NULL, 0, '1', '0'),
(3630000045, NULL, '722399', 0, 0, '2011-02-14 12:17:44', NULL, NULL, NULL, 0, '1', '0'),
(3630000046, NULL, '275645', 0, 0, '2011-02-14 12:17:44', NULL, NULL, NULL, 0, '1', '0'),
(3630000047, NULL, '348586', 0, 0, '2011-02-14 12:17:44', NULL, NULL, NULL, 0, '1', '0'),
(3630000048, NULL, '311232', 0, 0, '2011-02-14 12:17:44', NULL, NULL, NULL, 0, '1', '0'),
(3630000049, NULL, '530888', 0, 0, '2011-02-14 12:17:44', NULL, NULL, NULL, 0, '1', '0'),
(3630000050, NULL, '875496', 0, 0, '2011-02-14 12:17:44', NULL, NULL, NULL, 0, '1', '0'),
(3630000051, NULL, '851726', 0, 0, '2011-02-14 12:17:44', NULL, NULL, NULL, 0, '1', '0'),
(3630000052, NULL, '553959', 0, 0, '2011-02-14 12:17:44', NULL, NULL, NULL, 0, '1', '0'),
(3630000053, NULL, '552777', 0, 0, '2011-02-14 12:17:44', NULL, NULL, NULL, 0, '1', '0'),
(3630000054, NULL, '310808', 0, 0, '2011-02-14 12:17:44', NULL, NULL, NULL, 0, '1', '0'),
(3630000055, NULL, '324746', 0, 0, '2011-02-14 12:17:44', NULL, NULL, NULL, 0, '1', '0'),
(3630000056, NULL, '165053', 0, 0, '2011-02-14 12:17:44', NULL, NULL, NULL, 0, '1', '0'),
(3630000057, NULL, '949351', 0, 0, '2011-02-14 12:17:44', NULL, NULL, NULL, 0, '1', '0'),
(3630000058, NULL, '418209', 0, 0, '2011-02-14 12:17:44', NULL, NULL, NULL, 0, '1', '0'),
(3630000059, NULL, '433217', 0, 0, '2011-02-14 12:17:44', NULL, NULL, NULL, 0, '1', '0'),
(3630000060, NULL, '324186', 0, 0, '2011-02-14 12:17:44', NULL, NULL, NULL, 0, '1', '0'),
(3630000061, NULL, '726029', 0, 0, '2011-02-14 12:17:44', NULL, NULL, NULL, 0, '1', '0'),
(3630000062, NULL, '119543', 0, 0, '2011-02-14 12:17:44', NULL, NULL, NULL, 0, '1', '0'),
(3630000063, NULL, '534065', 0, 0, '2011-02-14 12:17:44', NULL, NULL, NULL, 0, '1', '0'),
(3630000064, NULL, '781392', 0, 0, '2011-02-14 12:17:44', NULL, NULL, NULL, 0, '1', '0'),
(3630000065, NULL, '080247', 0, 0, '2011-02-14 12:17:44', NULL, NULL, NULL, 0, '1', '0'),
(3630000066, NULL, '081477', 0, 0, '2011-02-14 12:17:44', NULL, NULL, NULL, 0, '1', '0'),
(3630000067, NULL, '088597', 0, 0, '2011-02-14 12:17:44', NULL, NULL, NULL, 0, '1', '0'),
(3630000068, NULL, '199084', 0, 0, '2011-02-14 12:17:44', NULL, NULL, NULL, 0, '1', '0'),
(3630000069, NULL, '847506', 0, 0, '2011-02-14 12:17:44', NULL, NULL, NULL, 0, '1', '0'),
(3630000070, NULL, '700615', 0, 0, '2011-02-14 12:17:44', NULL, NULL, NULL, 0, '1', '0'),
(3630000071, NULL, '700931', 0, 0, '2011-02-14 12:17:44', NULL, NULL, NULL, 0, '1', '0'),
(3630000072, NULL, '678456', 0, 0, '2011-02-14 12:17:44', NULL, NULL, NULL, 0, '1', '0'),
(3630000073, NULL, '565460', 0, 0, '2011-02-14 12:17:44', NULL, NULL, NULL, 0, '1', '0'),
(3630000074, NULL, '471880', 0, 0, '2011-02-14 12:17:44', NULL, NULL, NULL, 0, '1', '0'),
(3630000075, NULL, '119622', 0, 0, '2011-02-14 12:17:44', NULL, NULL, NULL, 0, '1', '0'),
(3630000076, NULL, '238447', 0, 0, '2011-02-14 12:17:44', NULL, NULL, NULL, 0, '1', '0'),
(3630000077, NULL, '100201', 0, 0, '2011-02-14 12:17:44', NULL, NULL, NULL, 0, '1', '0'),
(3630000078, NULL, '195316', 0, 0, '2011-02-14 12:17:44', NULL, NULL, NULL, 0, '1', '0'),
(3630000079, NULL, '004308', 0, 0, '2011-02-14 12:17:44', NULL, NULL, NULL, 0, '1', '0'),
(3630000080, NULL, '264485', 0, 0, '2011-02-14 12:17:44', NULL, NULL, NULL, 0, '1', '0'),
(3630000081, NULL, '170950', 0, 0, '2011-02-14 12:17:44', NULL, NULL, NULL, 0, '1', '0'),
(3630000082, NULL, '521399', 0, 0, '2011-02-14 12:17:44', NULL, NULL, NULL, 0, '1', '0'),
(3630000083, NULL, '836179', 0, 0, '2011-02-14 12:17:44', NULL, NULL, NULL, 0, '1', '0'),
(3630000084, NULL, '187116', 0, 0, '2011-02-14 12:17:44', NULL, NULL, NULL, 0, '1', '0'),
(3630000085, NULL, '903954', 0, 0, '2011-02-14 12:17:44', NULL, NULL, NULL, 0, '1', '0'),
(3630000086, NULL, '277176', 0, 0, '2011-02-14 12:17:44', NULL, NULL, NULL, 0, '1', '0'),
(3630000087, NULL, '420048', 0, 0, '2011-02-14 12:17:44', NULL, NULL, NULL, 0, '1', '0'),
(3630000088, NULL, '198482', 0, 0, '2011-02-14 12:17:44', NULL, NULL, NULL, 0, '1', '0'),
(3630000089, NULL, '854918', 0, 0, '2011-02-14 12:17:44', NULL, NULL, NULL, 0, '1', '0'),
(3630000090, NULL, '830691', 0, 0, '2011-02-14 12:17:44', NULL, NULL, NULL, 0, '1', '0'),
(3630000091, NULL, '231730', 0, 0, '2011-02-14 12:17:44', NULL, NULL, NULL, 0, '1', '0'),
(3630000092, NULL, '197222', 0, 0, '2011-02-14 12:17:44', NULL, NULL, NULL, 0, '1', '0'),
(3630000093, NULL, '443697', 0, 0, '2011-02-14 12:17:44', NULL, NULL, NULL, 0, '1', '0'),
(3630000094, NULL, '312169', 0, 0, '2011-02-14 12:17:44', NULL, NULL, NULL, 0, '1', '0'),
(3630000095, NULL, '402294', 0, 0, '2011-02-14 12:17:44', NULL, NULL, NULL, 0, '1', '0'),
(3630000096, NULL, '730356', 0, 0, '2011-02-14 12:17:44', NULL, NULL, NULL, 0, '1', '0'),
(3630000097, NULL, '431497', 0, 0, '2011-02-14 12:17:44', NULL, NULL, NULL, 0, '1', '0'),
(3630000098, NULL, '932160', 0, 0, '2011-02-14 12:17:44', NULL, NULL, NULL, 0, '1', '0'),
(3630000099, NULL, '876981', 0, 0, '2011-02-14 12:17:44', NULL, NULL, NULL, 0, '1', '0'),
(3630000100, NULL, '797486', 0, 0, '2011-02-14 12:17:44', NULL, NULL, NULL, 0, '1', '0'),
(3630000101, NULL, '706163', 0, 0, '2011-02-14 12:17:44', NULL, NULL, NULL, 0, '1', '0'),
(3630000102, NULL, '485447', 0, 0, '2013-02-20 23:42:49', NULL, NULL, NULL, 0, '0', '0'),
(3630000103, NULL, '834554', 0, 0, '2013-02-20 23:42:49', NULL, NULL, NULL, 0, '0', '0'),
(3630000104, NULL, '578459', 0, 0, '2013-02-20 23:42:49', NULL, NULL, NULL, 0, '0', '0'),
(3630000105, NULL, '060118', 0, 0, '2013-02-20 23:42:49', NULL, NULL, NULL, 0, '0', '0'),
(3630000106, NULL, '599594', 0, 0, '2013-02-20 23:42:49', NULL, NULL, NULL, 0, '0', '0'),
(3630000107, NULL, '484882', 0, 0, '2013-02-20 23:42:49', NULL, NULL, NULL, 0, '0', '0'),
(3630000108, NULL, '808154', 0, 0, '2013-02-20 23:42:49', NULL, NULL, NULL, 0, '0', '0'),
(3630000109, NULL, '660789', 0, 0, '2013-02-20 23:42:49', NULL, NULL, NULL, 0, '0', '0'),
(3630000110, NULL, '060885', 0, 0, '2013-02-20 23:42:49', NULL, NULL, NULL, 0, '0', '0'),
(3630000111, NULL, '153019', 0, 0, '2013-02-20 23:42:49', NULL, NULL, NULL, 0, '0', '0'),
(3630000112, NULL, '579171', 0, 0, '2013-02-20 23:42:49', NULL, NULL, NULL, 0, '0', '0'),
(3630000113, NULL, '527257', 0, 0, '2013-02-20 23:42:49', NULL, NULL, NULL, 0, '0', '0'),
(3630000114, NULL, '301090', 0, 0, '2013-02-20 23:42:49', NULL, NULL, NULL, 0, '0', '0'),
(3630000115, NULL, '333000', 0, 0, '2013-02-20 23:42:49', NULL, NULL, NULL, 0, '0', '0'),
(3630000116, NULL, '583210', 0, 0, '2013-02-20 23:42:49', NULL, NULL, NULL, 0, '0', '0'),
(3630000117, NULL, '799972', 0, 0, '2013-02-20 23:42:49', NULL, NULL, NULL, 0, '0', '0'),
(3630000118, NULL, '440918', 0, 0, '2013-02-20 23:42:49', NULL, NULL, NULL, 0, '0', '0'),
(3630000119, NULL, '758235', 0, 0, '2013-02-20 23:42:49', NULL, NULL, NULL, 0, '0', '0'),
(3630000120, NULL, '934801', 0, 0, '2013-02-20 23:42:49', NULL, NULL, NULL, 0, '0', '0'),
(3630000121, NULL, '457806', 0, 0, '2013-02-20 23:42:49', NULL, NULL, NULL, 0, '0', '0'),
(3630000122, NULL, '054360', 0, 0, '2013-02-20 23:42:49', NULL, NULL, NULL, 0, '0', '0'),
(3630000123, NULL, '672977', 0, 0, '2013-02-20 23:42:49', NULL, NULL, NULL, 0, '0', '0'),
(3630000124, NULL, '234309', 0, 0, '2013-02-20 23:42:49', NULL, NULL, NULL, 0, '0', '0'),
(3630000125, NULL, '688552', 0, 0, '2013-02-20 23:42:49', NULL, NULL, NULL, 0, '0', '0'),
(3630000126, NULL, '104373', 0, 0, '2013-02-20 23:42:49', NULL, NULL, NULL, 0, '0', '0'),
(3630000127, NULL, '698288', 0, 0, '2013-02-20 23:42:49', NULL, NULL, NULL, 0, '0', '0'),
(3630000128, NULL, '014368', 0, 0, '2013-02-20 23:42:49', NULL, NULL, NULL, 0, '0', '0'),
(3630000129, NULL, '152298', 0, 0, '2013-02-20 23:42:49', NULL, NULL, NULL, 0, '0', '0'),
(3630000130, NULL, '054003', 0, 0, '2013-02-20 23:42:49', NULL, NULL, NULL, 0, '0', '0'),
(3630000131, NULL, '224401', 0, 0, '2013-02-20 23:42:49', NULL, NULL, NULL, 0, '0', '0'),
(3630000132, NULL, '461807', 0, 0, '2013-02-20 23:42:49', NULL, NULL, NULL, 0, '0', '0'),
(3630000133, NULL, '263456', 0, 0, '2013-02-20 23:42:49', NULL, NULL, NULL, 0, '0', '0'),
(3630000134, NULL, '688168', 0, 0, '2013-02-20 23:42:49', NULL, NULL, NULL, 0, '0', '0'),
(3630000135, NULL, '403637', 0, 0, '2013-02-20 23:42:49', NULL, NULL, NULL, 0, '0', '0'),
(3630000136, NULL, '729396', 0, 0, '2013-02-20 23:42:49', NULL, NULL, NULL, 0, '0', '0'),
(3630000137, NULL, '685054', 0, 0, '2013-02-20 23:42:49', NULL, NULL, NULL, 0, '0', '0'),
(3630000138, NULL, '176268', 0, 0, '2013-02-20 23:42:49', NULL, NULL, NULL, 0, '0', '0'),
(3630000139, NULL, '564460', 0, 0, '2013-02-20 23:42:49', NULL, NULL, NULL, 0, '0', '0'),
(3630000140, NULL, '155999', 0, 0, '2013-02-20 23:42:49', NULL, NULL, NULL, 0, '0', '0'),
(3630000141, NULL, '398554', 0, 0, '2013-02-20 23:42:49', NULL, NULL, NULL, 0, '0', '0'),
(3630000142, NULL, '157802', 0, 0, '2013-02-20 23:42:49', NULL, NULL, NULL, 0, '0', '0'),
(3630000143, NULL, '650653', 0, 0, '2013-02-20 23:42:49', NULL, NULL, NULL, 0, '0', '0'),
(3630000144, NULL, '214647', 0, 0, '2013-02-20 23:42:49', NULL, NULL, NULL, 0, '0', '0'),
(3630000145, NULL, '205564', 0, 0, '2013-02-20 23:42:49', NULL, NULL, NULL, 0, '0', '0'),
(3630000146, NULL, '374600', 0, 0, '2013-02-20 23:42:49', NULL, NULL, NULL, 0, '0', '0'),
(3630000147, NULL, '298172', 0, 0, '2013-02-20 23:42:49', NULL, NULL, NULL, 0, '0', '0'),
(3630000148, NULL, '411648', 0, 0, '2013-02-20 23:42:49', NULL, NULL, NULL, 0, '0', '0'),
(3630000149, NULL, '748533', 0, 0, '2013-02-20 23:42:49', NULL, NULL, NULL, 0, '0', '0'),
(3630000150, NULL, '406938', 0, 0, '2013-02-20 23:42:49', NULL, NULL, NULL, 0, '0', '0'),
(3630000151, NULL, '336180', 0, 0, '2013-02-20 23:42:49', NULL, NULL, NULL, 0, '0', '0'),
(3630000152, NULL, '906319', 0, 0, '2013-02-20 23:42:49', NULL, NULL, NULL, 0, '0', '0'),
(3630000153, NULL, '157504', 0, 0, '2013-02-20 23:42:49', NULL, NULL, NULL, 0, '0', '0'),
(3630000154, NULL, '464712', 0, 0, '2013-02-20 23:42:49', NULL, NULL, NULL, 0, '0', '0'),
(3630000155, NULL, '020700', 0, 0, '2013-02-20 23:42:49', NULL, NULL, NULL, 0, '0', '0'),
(3630000156, NULL, '775023', 0, 0, '2013-02-20 23:42:49', NULL, NULL, NULL, 0, '0', '0'),
(3630000157, NULL, '088471', 0, 0, '2013-02-20 23:42:49', NULL, NULL, NULL, 0, '0', '0'),
(3630000158, NULL, '191602', 0, 0, '2013-02-20 23:42:49', NULL, NULL, NULL, 0, '0', '0'),
(3630000159, NULL, '158471', 0, 0, '2013-02-20 23:42:49', NULL, NULL, NULL, 0, '0', '0'),
(3630000160, NULL, '315211', 0, 0, '2013-02-20 23:42:49', NULL, NULL, NULL, 0, '0', '0'),
(3630000161, NULL, '098702', 0, 0, '2013-02-20 23:42:49', NULL, NULL, NULL, 0, '0', '0'),
(3630000162, NULL, '946827', 0, 0, '2013-02-20 23:42:49', NULL, NULL, NULL, 0, '0', '0'),
(3630000163, NULL, '506960', 0, 0, '2013-02-20 23:42:49', NULL, NULL, NULL, 0, '0', '0'),
(3630000164, NULL, '526568', 0, 0, '2013-02-20 23:42:49', NULL, NULL, NULL, 0, '0', '0'),
(3630000165, NULL, '484536', 0, 0, '2013-02-20 23:42:49', NULL, NULL, NULL, 0, '0', '0'),
(3630000166, NULL, '593143', 0, 0, '2013-02-20 23:42:49', NULL, NULL, NULL, 0, '0', '0'),
(3630000167, NULL, '787092', 0, 0, '2013-02-20 23:42:49', NULL, NULL, NULL, 0, '0', '0'),
(3630000168, NULL, '122202', 0, 0, '2013-02-20 23:42:49', NULL, NULL, NULL, 0, '0', '0'),
(3630000169, NULL, '410978', 0, 0, '2013-02-20 23:42:49', NULL, NULL, NULL, 0, '0', '0'),
(3630000170, NULL, '262623', 0, 0, '2013-02-20 23:42:49', NULL, NULL, NULL, 0, '0', '0'),
(3630000171, NULL, '172402', 0, 0, '2013-02-20 23:42:49', NULL, NULL, NULL, 0, '0', '0'),
(3630000172, NULL, '069799', 0, 0, '2013-02-20 23:42:49', NULL, NULL, NULL, 0, '0', '0'),
(3630000173, NULL, '582071', 0, 0, '2013-02-20 23:42:49', NULL, NULL, NULL, 0, '0', '0'),
(3630000174, NULL, '200440', 0, 0, '2013-02-20 23:42:49', NULL, NULL, NULL, 0, '0', '0'),
(3630000175, NULL, '900038', 0, 0, '2013-02-20 23:42:49', NULL, NULL, NULL, 0, '0', '0'),
(3630000176, NULL, '493940', 0, 0, '2013-02-20 23:42:49', NULL, NULL, NULL, 0, '0', '0'),
(3630000177, NULL, '599419', 0, 0, '2013-02-20 23:42:49', NULL, NULL, NULL, 0, '0', '0'),
(3630000178, NULL, '031560', 0, 0, '2013-02-20 23:42:49', NULL, NULL, NULL, 0, '0', '0'),
(3630000179, NULL, '311874', 0, 0, '2013-02-20 23:42:49', NULL, NULL, NULL, 0, '0', '0'),
(3630000180, NULL, '636591', 0, 0, '2013-02-20 23:42:49', NULL, NULL, NULL, 0, '0', '0'),
(3630000181, NULL, '781374', 0, 0, '2013-02-20 23:42:49', NULL, NULL, NULL, 0, '0', '0'),
(3630000182, NULL, '964625', 0, 0, '2013-02-20 23:42:49', NULL, NULL, NULL, 0, '0', '0'),
(3630000183, NULL, '537766', 0, 0, '2013-02-20 23:42:49', NULL, NULL, NULL, 0, '0', '0'),
(3630000184, NULL, '039103', 0, 0, '2013-02-20 23:42:49', NULL, NULL, NULL, 0, '0', '0'),
(3630000185, NULL, '642044', 0, 0, '2013-02-20 23:42:49', NULL, NULL, NULL, 0, '0', '0'),
(3630000186, NULL, '937565', 0, 0, '2013-02-20 23:42:49', NULL, NULL, NULL, 0, '0', '0'),
(3630000187, NULL, '820560', 0, 0, '2013-02-20 23:42:49', NULL, NULL, NULL, 0, '0', '0'),
(3630000188, NULL, '091611', 0, 0, '2013-02-20 23:42:49', NULL, NULL, NULL, 0, '0', '0'),
(3630000189, NULL, '852960', 0, 0, '2013-02-20 23:42:49', NULL, NULL, NULL, 0, '0', '0'),
(3630000190, NULL, '151941', 0, 0, '2013-02-20 23:42:49', NULL, NULL, NULL, 0, '0', '0'),
(3630000191, NULL, '788402', 0, 0, '2013-02-20 23:42:49', NULL, NULL, NULL, 0, '0', '0'),
(3630000192, NULL, '245716', 0, 0, '2013-02-20 23:42:49', NULL, NULL, NULL, 0, '0', '0'),
(3630000193, NULL, '551497', 0, 0, '2013-02-20 23:42:49', NULL, NULL, NULL, 0, '0', '0'),
(3630000194, NULL, '556010', 0, 0, '2013-02-20 23:42:49', NULL, NULL, NULL, 0, '0', '0'),
(3630000195, NULL, '436993', 0, 0, '2013-02-20 23:42:49', NULL, NULL, NULL, 0, '0', '0'),
(3630000196, NULL, '955960', 0, 0, '2013-02-20 23:42:49', NULL, NULL, NULL, 0, '0', '0'),
(3630000197, NULL, '347677', 0, 0, '2013-02-20 23:42:49', NULL, NULL, NULL, 0, '0', '0'),
(3630000198, NULL, '861852', 0, 0, '2013-02-20 23:42:49', NULL, NULL, NULL, 0, '0', '0'),
(3630000199, NULL, '530070', 0, 0, '2013-02-20 23:42:49', NULL, NULL, NULL, 0, '0', '0'),
(3630000200, NULL, '984851', 0, 0, '2013-02-20 23:42:49', NULL, NULL, NULL, 0, '0', '0'),
(3630000201, NULL, '309949', 0, 0, '2013-02-20 23:42:49', NULL, NULL, NULL, 0, '0', '0'),
(3630000202, NULL, '000340', 0, 0, '2013-02-20 23:42:49', NULL, NULL, NULL, 0, '0', '0'),
(3630000203, NULL, '270235', 0, 0, '2013-02-20 23:42:49', NULL, NULL, NULL, 0, '0', '0'),
(3630000204, NULL, '115439', 0, 0, '2013-02-20 23:42:49', NULL, NULL, NULL, 0, '0', '0'),
(3630000205, NULL, '686508', 0, 0, '2013-02-20 23:42:49', NULL, NULL, NULL, 0, '0', '0'),
(3630000206, NULL, '898597', 0, 0, '2013-02-20 23:42:49', NULL, NULL, NULL, 0, '0', '0'),
(3630000207, NULL, '852157', 0, 0, '2013-02-20 23:42:49', NULL, NULL, NULL, 0, '0', '0'),
(3630000208, NULL, '117248', 0, 0, '2013-02-20 23:42:49', NULL, NULL, NULL, 0, '0', '0'),
(3630000209, NULL, '150672', 0, 0, '2013-02-20 23:42:49', NULL, NULL, NULL, 0, '0', '0'),
(3630000210, NULL, '164456', 0, 0, '2013-02-20 23:42:49', NULL, NULL, NULL, 0, '0', '0'),
(3630000211, NULL, '129800', 0, 0, '2013-02-20 23:42:49', NULL, NULL, NULL, 0, '0', '0'),
(3630000212, NULL, '450603', 0, 0, '2013-02-20 23:42:49', NULL, NULL, NULL, 0, '0', '0'),
(3630000213, NULL, '768927', 0, 0, '2013-02-20 23:42:49', NULL, NULL, NULL, 0, '0', '0'),
(3630000214, NULL, '774410', 0, 0, '2013-02-20 23:42:49', NULL, NULL, NULL, 0, '0', '0'),
(3630000215, NULL, '944368', 0, 0, '2013-02-20 23:42:49', NULL, NULL, NULL, 0, '0', '0'),
(3630000216, NULL, '027938', 0, 0, '2013-02-20 23:42:49', NULL, NULL, NULL, 0, '0', '0'),
(3630000217, NULL, '934422', 0, 0, '2013-02-20 23:42:49', NULL, NULL, NULL, 0, '0', '0'),
(3630000218, NULL, '007510', 0, 0, '2013-02-20 23:42:49', NULL, NULL, NULL, 0, '0', '0'),
(3630000219, NULL, '984414', 0, 0, '2013-02-20 23:42:49', NULL, NULL, NULL, 0, '0', '0'),
(3630000220, NULL, '721337', 0, 0, '2013-02-20 23:42:49', NULL, NULL, NULL, 0, '0', '0'),
(3630000221, NULL, '143111', 0, 0, '2013-02-20 23:42:49', NULL, NULL, NULL, 0, '0', '0'),
(3630000222, NULL, '434512', 0, 0, '2013-02-20 23:42:49', NULL, NULL, NULL, 0, '0', '0'),
(3630000223, NULL, '091533', 0, 0, '2013-02-20 23:42:49', NULL, NULL, NULL, 0, '0', '0'),
(3630000224, NULL, '569785', 0, 0, '2013-02-20 23:42:49', NULL, NULL, NULL, 0, '0', '0'),
(3630000225, NULL, '468758', 0, 0, '2013-02-20 23:42:49', NULL, NULL, NULL, 0, '0', '0'),
(3630000226, NULL, '643304', 0, 0, '2013-02-20 23:42:49', NULL, NULL, NULL, 0, '0', '0'),
(3630000227, NULL, '524800', 0, 0, '2013-02-20 23:42:49', NULL, NULL, NULL, 0, '0', '0'),
(3630000228, NULL, '569225', 0, 0, '2013-02-20 23:42:49', NULL, NULL, NULL, 0, '0', '0'),
(3630000229, NULL, '834819', 0, 0, '2013-02-20 23:42:49', NULL, NULL, NULL, 0, '0', '0'),
(3630000230, NULL, '416556', 0, 0, '2013-02-20 23:42:49', NULL, NULL, NULL, 0, '0', '0'),
(3630000231, NULL, '397129', 0, 0, '2013-02-20 23:42:49', NULL, NULL, NULL, 0, '0', '0'),
(3630000232, NULL, '309949', 0, 0, '2013-02-20 23:42:49', NULL, NULL, NULL, 0, '0', '0'),
(3630000233, NULL, '434323', 0, 0, '2013-02-20 23:42:49', NULL, NULL, NULL, 0, '0', '0'),
(3630000234, NULL, '541789', 0, 0, '2013-02-20 23:42:49', NULL, NULL, NULL, 0, '0', '0'),
(3630000235, NULL, '689616', 0, 0, '2013-02-20 23:42:49', NULL, NULL, NULL, 0, '0', '0'),
(3630000236, NULL, '779442', 0, 0, '2013-02-20 23:42:49', NULL, NULL, NULL, 0, '0', '0'),
(3630000237, NULL, '619994', 0, 0, '2013-02-20 23:42:49', NULL, NULL, NULL, 0, '0', '0'),
(3630000238, NULL, '513668', 0, 0, '2013-02-20 23:42:49', NULL, NULL, NULL, 0, '0', '0'),
(3630000239, NULL, '794793', 0, 0, '2013-02-20 23:42:49', NULL, NULL, NULL, 0, '0', '0'),
(3630000240, NULL, '561381', 0, 0, '2013-02-20 23:42:49', NULL, NULL, NULL, 0, '0', '0'),
(3630000241, NULL, '601153', 0, 0, '2013-02-20 23:42:49', NULL, NULL, NULL, 0, '0', '0'),
(3630000242, NULL, '270226', 0, 0, '2013-02-20 23:42:49', NULL, NULL, NULL, 0, '0', '0'),
(3630000243, NULL, '083407', 0, 0, '2013-02-20 23:42:49', NULL, NULL, NULL, 0, '0', '0'),
(3630000244, NULL, '641306', 0, 0, '2013-02-20 23:42:49', NULL, NULL, NULL, 0, '0', '0'),
(3630000245, NULL, '036441', 0, 0, '2013-02-20 23:42:49', NULL, NULL, NULL, 0, '0', '0'),
(3630000246, NULL, '046051', 0, 0, '2013-02-20 23:42:49', NULL, NULL, NULL, 0, '0', '0'),
(3630000247, NULL, '604127', 0, 0, '2013-02-20 23:42:49', NULL, NULL, NULL, 0, '0', '0'),
(3630000248, NULL, '519213', 0, 0, '2013-02-20 23:42:49', NULL, NULL, NULL, 0, '0', '0'),
(3630000249, NULL, '326605', 0, 0, '2013-02-20 23:42:49', NULL, NULL, NULL, 0, '0', '0'),
(3630000250, NULL, '459931', 0, 0, '2013-02-20 23:42:49', NULL, NULL, NULL, 0, '0', '0'),
(3630000251, NULL, '460298', 0, 0, '2013-02-20 23:42:49', NULL, NULL, NULL, 0, '0', '0'),
(3630000252, NULL, '803586', 0, 0, '2013-02-20 23:42:49', NULL, NULL, NULL, 0, '0', '0'),
(3630000253, NULL, '441790', 0, 0, '2013-02-20 23:42:49', NULL, NULL, NULL, 0, '0', '0'),
(3630000254, NULL, '439174', 0, 0, '2013-02-20 23:42:49', NULL, NULL, NULL, 0, '0', '0'),
(3630000255, NULL, '507555', 0, 0, '2013-02-20 23:42:49', NULL, NULL, NULL, 0, '0', '0'),
(3630000256, NULL, '663874', 0, 0, '2013-02-20 23:42:49', NULL, NULL, NULL, 0, '0', '0'),
(3630000257, NULL, '851740', 0, 0, '2013-02-20 23:42:49', NULL, NULL, NULL, 0, '0', '0'),
(3630000258, NULL, '419604', 0, 0, '2013-02-20 23:42:49', NULL, NULL, NULL, 0, '0', '0'),
(3630000259, NULL, '787092', 0, 0, '2013-02-20 23:42:49', NULL, NULL, NULL, 0, '0', '0'),
(3630000260, NULL, '349662', 0, 0, '2013-02-20 23:42:49', NULL, NULL, NULL, 0, '0', '0'),
(3630000261, NULL, '157085', 0, 0, '2013-02-20 23:42:49', NULL, NULL, NULL, 0, '0', '0'),
(3630000262, NULL, '766546', 0, 0, '2013-02-20 23:42:49', NULL, NULL, NULL, 0, '0', '0'),
(3630000263, NULL, '701015', 0, 0, '2013-02-20 23:42:49', NULL, NULL, NULL, 0, '0', '0'),
(3630000264, NULL, '111201', 0, 0, '2013-02-20 23:42:49', NULL, NULL, NULL, 0, '0', '0'),
(3630000265, NULL, '720078', 0, 0, '2013-02-20 23:42:49', NULL, NULL, NULL, 0, '0', '0'),
(3630000266, NULL, '137534', 0, 0, '2013-02-20 23:42:49', NULL, NULL, NULL, 0, '0', '0'),
(3630000267, NULL, '523786', 0, 0, '2013-02-20 23:42:49', NULL, NULL, NULL, 0, '0', '0'),
(3630000268, NULL, '178599', 0, 0, '2013-02-20 23:42:49', NULL, NULL, NULL, 0, '0', '0'),
(3630000269, NULL, '474825', 0, 0, '2013-02-20 23:42:49', NULL, NULL, NULL, 0, '0', '0'),
(3630000270, NULL, '273798', 0, 0, '2013-02-20 23:42:49', NULL, NULL, NULL, 0, '0', '0'),
(3630000271, NULL, '829001', 0, 0, '2013-02-20 23:42:49', NULL, NULL, NULL, 0, '0', '0'),
(3630000272, NULL, '700201', 0, 0, '2013-02-20 23:42:49', NULL, NULL, NULL, 0, '0', '0'),
(3630000273, NULL, '428099', 0, 0, '2013-02-20 23:42:49', NULL, NULL, NULL, 0, '0', '0'),
(3630000274, NULL, '693369', 0, 0, '2013-02-20 23:42:49', NULL, NULL, NULL, 0, '0', '0'),
(3630000275, NULL, '341117', 0, 0, '2013-02-20 23:42:49', NULL, NULL, NULL, 0, '0', '0'),
(3630000276, NULL, '848035', 0, 0, '2013-02-20 23:42:49', NULL, NULL, NULL, 0, '0', '0'),
(3630000277, NULL, '338009', 0, 0, '2013-02-20 23:42:49', NULL, NULL, NULL, 0, '0', '0'),
(3630000278, NULL, '648747', 0, 0, '2013-02-20 23:42:49', NULL, NULL, NULL, 0, '0', '0'),
(3630000279, NULL, '043844', 0, 0, '2013-02-20 23:42:49', NULL, NULL, NULL, 0, '0', '0'),
(3630000280, NULL, '765978', 0, 0, '2013-02-20 23:42:49', NULL, NULL, NULL, 0, '0', '0'),
(3630000281, NULL, '230806', 0, 0, '2013-02-20 23:42:49', NULL, NULL, NULL, 0, '0', '0'),
(3630000282, NULL, '877993', 0, 0, '2013-02-20 23:42:49', NULL, NULL, NULL, 0, '0', '0'),
(3630000283, NULL, '280849', 0, 0, '2013-02-20 23:42:49', NULL, NULL, NULL, 0, '0', '0'),
(3630000284, NULL, '028028', 0, 0, '2013-02-20 23:42:49', NULL, NULL, NULL, 0, '0', '0'),
(3630000285, NULL, '331908', 0, 0, '2013-02-20 23:42:49', NULL, NULL, NULL, 0, '0', '0'),
(3630000286, NULL, '649125', 0, 0, '2013-02-20 23:42:49', NULL, NULL, NULL, 0, '0', '0'),
(3630000287, NULL, '275723', 0, 0, '2013-02-20 23:42:49', NULL, NULL, NULL, 0, '0', '0'),
(3630000288, NULL, '378274', 0, 0, '2013-02-20 23:42:49', NULL, NULL, NULL, 0, '0', '0'),
(3630000289, NULL, '633032', 0, 0, '2013-02-20 23:42:49', NULL, NULL, NULL, 0, '0', '0'),
(3630000290, NULL, '631672', 0, 0, '2013-02-20 23:42:49', NULL, NULL, NULL, 0, '0', '0'),
(3630000291, NULL, '126850', 0, 0, '2013-02-20 23:42:49', NULL, NULL, NULL, 0, '0', '0'),
(3630000292, NULL, '294459', 0, 0, '2013-02-20 23:42:49', NULL, NULL, NULL, 0, '0', '0'),
(3630000293, NULL, '383604', 0, 0, '2013-02-20 23:42:49', NULL, NULL, NULL, 0, '0', '0'),
(3630000294, NULL, '232868', 0, 0, '2013-02-20 23:42:49', NULL, NULL, NULL, 0, '0', '0'),
(3630000295, NULL, '287293', 0, 0, '2013-02-20 23:42:49', NULL, NULL, NULL, 0, '0', '0'),
(3630000296, NULL, '729936', 0, 0, '2013-02-20 23:42:49', NULL, NULL, NULL, 0, '0', '0'),
(3630000297, NULL, '639094', 0, 0, '2013-02-20 23:42:49', NULL, NULL, NULL, 0, '0', '0'),
(3630000298, NULL, '693195', 0, 0, '2013-02-20 23:42:49', NULL, NULL, NULL, 0, '0', '0'),
(3630000299, NULL, '473739', 0, 0, '2013-02-20 23:42:49', NULL, NULL, NULL, 0, '0', '0'),
(3630000300, NULL, '909948', 0, 0, '2013-02-20 23:42:49', NULL, NULL, NULL, 0, '0', '0'),
(3630000301, NULL, '216631', 0, 0, '2013-02-20 23:42:49', NULL, NULL, NULL, 0, '0', '0'),
(3630000302, NULL, '136110', 0, 0, '2013-02-20 23:42:49', NULL, NULL, NULL, 0, '0', '0'),
(3630000303, NULL, '061022', 0, 0, '2013-02-20 23:42:49', NULL, NULL, NULL, 0, '0', '0'),
(3630000304, NULL, '647785', 0, 0, '2013-02-20 23:42:49', NULL, NULL, NULL, 0, '0', '0'),
(3630000305, NULL, '179245', 0, 0, '2013-02-20 23:42:49', NULL, NULL, NULL, 0, '0', '0'),
(3630000306, NULL, '866908', 0, 0, '2013-02-20 23:42:49', NULL, NULL, NULL, 0, '0', '0'),
(3630000307, NULL, '850747', 0, 0, '2013-02-20 23:42:49', NULL, NULL, NULL, 0, '0', '0'),
(3630000308, NULL, '866613', 0, 0, '2013-02-20 23:42:49', NULL, NULL, NULL, 0, '0', '0'),
(3630000309, NULL, '880694', 0, 0, '2013-02-20 23:42:49', NULL, NULL, NULL, 0, '0', '0'),
(3630000310, NULL, '515945', 0, 0, '2013-02-20 23:42:49', NULL, NULL, NULL, 0, '0', '0'),
(3630000311, NULL, '564228', 0, 0, '2013-02-20 23:42:49', NULL, NULL, NULL, 0, '0', '0'),
(3630000312, NULL, '673544', 0, 0, '2013-02-20 23:42:49', NULL, NULL, NULL, 0, '0', '0'),
(3630000313, NULL, '586663', 0, 0, '2013-02-20 23:42:49', NULL, NULL, NULL, 0, '0', '0'),
(3630000314, NULL, '043353', 0, 0, '2013-02-20 23:42:49', NULL, NULL, NULL, 0, '0', '0'),
(3630000315, NULL, '813475', 0, 0, '2013-02-20 23:42:49', NULL, NULL, NULL, 0, '0', '0'),
(3630000316, NULL, '572349', 0, 0, '2013-02-20 23:42:49', NULL, NULL, NULL, 0, '0', '0'),
(3630000317, NULL, '195628', 0, 0, '2013-02-20 23:42:49', NULL, NULL, NULL, 0, '0', '0'),
(3630000318, NULL, '955083', 0, 0, '2013-02-20 23:42:49', NULL, NULL, NULL, 0, '0', '0'),
(3630000319, NULL, '418291', 0, 0, '2013-02-20 23:42:49', NULL, NULL, NULL, 0, '0', '0'),
(3630000320, NULL, '296715', 0, 0, '2013-02-20 23:42:49', NULL, NULL, NULL, 0, '0', '0'),
(3630000321, NULL, '186155', 0, 0, '2013-02-20 23:42:49', NULL, NULL, NULL, 0, '0', '0'),
(3630000322, NULL, '451732', 0, 0, '2013-02-20 23:42:49', NULL, NULL, NULL, 0, '0', '0'),
(3630000323, NULL, '902285', 0, 0, '2013-02-20 23:42:49', NULL, NULL, NULL, 0, '0', '0'),
(3630000324, NULL, '751018', 0, 0, '2013-02-20 23:42:49', NULL, NULL, NULL, 0, '0', '0'),
(3630000325, NULL, '552585', 0, 0, '2013-02-20 23:42:49', NULL, NULL, NULL, 0, '0', '0'),
(3630000326, NULL, '377153', 0, 0, '2013-02-20 23:42:49', NULL, NULL, NULL, 0, '0', '0'),
(3630000327, NULL, '569187', 0, 0, '2013-02-20 23:42:49', NULL, NULL, NULL, 0, '0', '0'),
(3630000328, NULL, '252486', 0, 0, '2013-02-20 23:42:49', NULL, NULL, NULL, 0, '0', '0'),
(3630000329, NULL, '147604', 0, 0, '2013-02-20 23:42:49', NULL, NULL, NULL, 0, '0', '0'),
(3630000330, NULL, '915951', 0, 0, '2013-02-20 23:42:49', NULL, NULL, NULL, 0, '0', '0'),
(3630000331, NULL, '494623', 0, 0, '2013-02-20 23:42:49', NULL, NULL, NULL, 0, '0', '0'),
(3630000332, NULL, '807227', 0, 0, '2013-02-20 23:42:49', NULL, NULL, NULL, 0, '0', '0'),
(3630000333, NULL, '653729', 0, 0, '2013-02-20 23:42:49', NULL, NULL, NULL, 0, '0', '0'),
(3630000334, NULL, '519520', 0, 0, '2013-02-20 23:42:49', NULL, NULL, NULL, 0, '0', '0'),
(3630000335, NULL, '555165', 0, 0, '2013-02-20 23:42:49', NULL, NULL, NULL, 0, '0', '0'),
(3630000336, NULL, '973498', 0, 0, '2013-02-20 23:42:49', NULL, NULL, NULL, 0, '0', '0'),
(3630000337, NULL, '810656', 0, 0, '2013-02-20 23:42:49', NULL, NULL, NULL, 0, '0', '0'),
(3630000338, NULL, '961451', 0, 0, '2013-02-20 23:42:49', NULL, NULL, NULL, 0, '0', '0'),
(3630000339, NULL, '370758', 0, 0, '2013-02-20 23:42:49', NULL, NULL, NULL, 0, '0', '0'),
(3630000340, NULL, '659412', 0, 0, '2013-02-20 23:42:49', NULL, NULL, NULL, 0, '0', '0'),
(3630000341, NULL, '416050', 0, 0, '2013-02-20 23:42:49', NULL, NULL, NULL, 0, '0', '0'),
(3630000342, NULL, '274490', 0, 0, '2013-02-20 23:42:49', NULL, NULL, NULL, 0, '0', '0'),
(3630000343, NULL, '324557', 0, 0, '2013-02-20 23:42:49', NULL, NULL, NULL, 0, '0', '0'),
(3630000344, NULL, '518829', 0, 0, '2013-02-20 23:42:49', NULL, NULL, NULL, 0, '0', '0'),
(3630000345, NULL, '343779', 0, 0, '2013-02-20 23:42:49', NULL, NULL, NULL, 0, '0', '0'),
(3630000346, NULL, '719255', 0, 0, '2013-02-20 23:42:49', NULL, NULL, NULL, 0, '0', '0'),
(3630000347, NULL, '527321', 0, 0, '2013-02-20 23:42:49', NULL, NULL, NULL, 0, '0', '0'),
(3630000348, NULL, '267466', 0, 0, '2013-02-20 23:42:49', NULL, NULL, NULL, 0, '0', '0'),
(3630000349, NULL, '651231', 0, 0, '2013-02-20 23:42:49', NULL, NULL, NULL, 0, '0', '0'),
(3630000350, NULL, '913792', 0, 0, '2013-02-20 23:42:49', NULL, NULL, NULL, 0, '0', '0'),
(3630000351, NULL, '114330', 0, 0, '2013-02-20 23:42:49', NULL, NULL, NULL, 0, '0', '0'),
(3630000352, NULL, '648471', 0, 0, '2013-02-20 23:42:49', NULL, NULL, NULL, 0, '0', '0'),
(3630000353, NULL, '668867', 0, 0, '2013-02-20 23:42:49', NULL, NULL, NULL, 0, '0', '0'),
(3630000354, NULL, '099993', 0, 0, '2013-02-20 23:42:49', NULL, NULL, NULL, 0, '0', '0'),
(3630000355, NULL, '313164', 0, 0, '2013-02-20 23:42:49', NULL, NULL, NULL, 0, '0', '0'),
(3630000356, NULL, '857333', 0, 0, '2013-02-20 23:42:49', NULL, NULL, NULL, 0, '0', '0'),
(3630000357, NULL, '051980', 0, 0, '2013-02-20 23:42:49', NULL, NULL, NULL, 0, '0', '0'),
(3630000358, NULL, '261085', 0, 0, '2013-02-20 23:42:49', NULL, NULL, NULL, 0, '0', '0'),
(3630000359, NULL, '229318', 0, 0, '2013-02-20 23:42:49', NULL, NULL, NULL, 0, '0', '0'),
(3630000360, NULL, '300757', 0, 0, '2013-02-20 23:42:49', NULL, NULL, NULL, 0, '0', '0');
INSERT INTO `mlm_serial` (`serial_id`, `serial_mid`, `serial_pin`, `serial_user_network_id`, `serial_buyer_network_id`, `serial_create_datetime`, `serial_active_datetime`, `serial_use_datetime`, `serial_buy_datetime`, `serial_active_by_admin_id`, `serial_is_active`, `serial_is_used`) VALUES
(3630000361, NULL, '319497', 0, 0, '2013-02-20 23:42:49', NULL, NULL, NULL, 0, '0', '0'),
(3630000362, NULL, '943907', 0, 0, '2013-02-20 23:42:49', NULL, NULL, NULL, 0, '0', '0'),
(3630000363, NULL, '311874', 0, 0, '2013-02-20 23:42:49', NULL, NULL, NULL, 0, '0', '0'),
(3630000364, NULL, '877502', 0, 0, '2013-02-20 23:42:49', NULL, NULL, NULL, 0, '0', '0'),
(3630000365, NULL, '225242', 0, 0, '2013-02-20 23:42:49', NULL, NULL, NULL, 0, '0', '0'),
(3630000366, NULL, '212363', 0, 0, '2013-02-20 23:42:49', NULL, NULL, NULL, 0, '0', '0'),
(3630000367, NULL, '235577', 0, 0, '2013-02-20 23:42:49', NULL, NULL, NULL, 0, '0', '0'),
(3630000368, NULL, '671902', 0, 0, '2013-02-20 23:42:49', NULL, NULL, NULL, 0, '0', '0'),
(3630000369, NULL, '865411', 0, 0, '2013-02-20 23:42:49', NULL, NULL, NULL, 0, '0', '0'),
(3630000370, NULL, '685570', 0, 0, '2013-02-20 23:42:49', NULL, NULL, NULL, 0, '0', '0'),
(3630000371, NULL, '606585', 0, 0, '2013-02-20 23:42:49', NULL, NULL, NULL, 0, '0', '0'),
(3630000372, NULL, '520004', 0, 0, '2013-02-20 23:42:49', NULL, NULL, NULL, 0, '0', '0'),
(3630000373, NULL, '518611', 0, 0, '2013-02-20 23:42:49', NULL, NULL, NULL, 0, '0', '0'),
(3630000374, NULL, '317084', 0, 0, '2013-02-20 23:42:49', NULL, NULL, NULL, 0, '0', '0'),
(3630000375, NULL, '094871', 0, 0, '2013-02-20 23:42:49', NULL, NULL, NULL, 0, '0', '0'),
(3630000376, NULL, '730309', 0, 0, '2013-02-20 23:42:49', NULL, NULL, NULL, 0, '0', '0'),
(3630000377, NULL, '819330', 0, 0, '2013-02-20 23:42:49', NULL, NULL, NULL, 0, '0', '0'),
(3630000378, NULL, '135390', 0, 0, '2013-02-20 23:42:49', NULL, NULL, NULL, 0, '0', '0'),
(3630000379, NULL, '913102', 0, 0, '2013-02-20 23:42:49', NULL, NULL, NULL, 0, '0', '0'),
(3630000380, NULL, '173662', 0, 0, '2013-02-20 23:42:49', NULL, NULL, NULL, 0, '0', '0'),
(3630000381, NULL, '756599', 0, 0, '2013-02-20 23:42:49', NULL, NULL, NULL, 0, '0', '0'),
(3630000382, NULL, '905214', 0, 0, '2013-02-20 23:42:49', NULL, NULL, NULL, 0, '0', '0'),
(3630000383, NULL, '199750', 0, 0, '2013-02-20 23:42:49', NULL, NULL, NULL, 0, '0', '0'),
(3630000384, NULL, '651065', 0, 0, '2013-02-20 23:42:49', NULL, NULL, NULL, 0, '0', '0'),
(3630000385, NULL, '735941', 0, 0, '2013-02-20 23:42:49', NULL, NULL, NULL, 0, '0', '0'),
(3630000386, NULL, '086865', 0, 0, '2013-02-20 23:42:49', NULL, NULL, NULL, 0, '0', '0'),
(3630000387, NULL, '633670', 0, 0, '2013-02-20 23:42:49', NULL, NULL, NULL, 0, '0', '0'),
(3630000388, NULL, '909697', 0, 0, '2013-02-20 23:42:49', NULL, NULL, NULL, 0, '0', '0'),
(3630000389, NULL, '411474', 0, 0, '2013-02-20 23:42:49', NULL, NULL, NULL, 0, '0', '0'),
(3630000390, NULL, '333000', 0, 0, '2013-02-20 23:42:49', NULL, NULL, NULL, 0, '0', '0'),
(3630000391, NULL, '727792', 0, 0, '2013-02-20 23:42:49', NULL, NULL, NULL, 0, '0', '0'),
(3630000392, NULL, '431268', 0, 0, '2013-02-20 23:42:49', NULL, NULL, NULL, 0, '0', '0'),
(3630000393, NULL, '545446', 0, 0, '2013-02-20 23:42:49', NULL, NULL, NULL, 0, '0', '0'),
(3630000394, NULL, '774948', 0, 0, '2013-02-20 23:42:49', NULL, NULL, NULL, 0, '0', '0'),
(3630000395, NULL, '236391', 0, 0, '2013-02-20 23:42:49', NULL, NULL, NULL, 0, '0', '0'),
(3630000396, NULL, '249536', 0, 0, '2013-02-20 23:42:49', NULL, NULL, NULL, 0, '0', '0'),
(3630000397, NULL, '781926', 0, 0, '2013-02-20 23:42:49', NULL, NULL, NULL, 0, '0', '0'),
(3630000398, NULL, '579056', 0, 0, '2013-02-20 23:42:49', NULL, NULL, NULL, 0, '0', '0'),
(3630000399, NULL, '856501', 0, 0, '2013-02-20 23:42:49', NULL, NULL, NULL, 0, '0', '0'),
(3630000400, NULL, '519552', 0, 0, '2013-02-20 23:42:49', NULL, NULL, NULL, 0, '0', '0'),
(3630000401, NULL, '604781', 0, 0, '2013-02-20 23:42:49', NULL, NULL, NULL, 0, '0', '0'),
(3630000402, NULL, '146468', 0, 0, '2013-02-20 23:42:49', NULL, NULL, NULL, 0, '0', '0'),
(3630000403, NULL, '266173', 0, 0, '2013-02-20 23:42:49', NULL, NULL, NULL, 0, '0', '0'),
(3630000404, NULL, '745687', 0, 0, '2013-02-20 23:42:49', NULL, NULL, NULL, 0, '0', '0'),
(3630000405, NULL, '350912', 0, 0, '2013-02-20 23:42:49', NULL, NULL, NULL, 0, '0', '0'),
(3630000406, NULL, '805675', 0, 0, '2013-02-20 23:42:49', NULL, NULL, NULL, 0, '0', '0'),
(3630000407, NULL, '197428', 0, 0, '2013-02-20 23:42:49', NULL, NULL, NULL, 0, '0', '0'),
(3630000408, NULL, '957209', 0, 0, '2013-02-20 23:42:49', NULL, NULL, NULL, 0, '0', '0'),
(3630000409, NULL, '331789', 0, 0, '2013-02-20 23:42:49', NULL, NULL, NULL, 0, '0', '0'),
(3630000410, NULL, '847335', 0, 0, '2013-02-20 23:42:49', NULL, NULL, NULL, 0, '0', '0'),
(3630000411, NULL, '833163', 0, 0, '2013-02-20 23:42:49', NULL, NULL, NULL, 0, '0', '0'),
(3630000412, NULL, '663092', 0, 0, '2013-02-20 23:42:49', NULL, NULL, NULL, 0, '0', '0'),
(3630000413, NULL, '446059', 0, 0, '2013-02-20 23:42:49', NULL, NULL, NULL, 0, '0', '0'),
(3630000414, NULL, '125031', 0, 0, '2013-02-20 23:42:49', NULL, NULL, NULL, 0, '0', '0'),
(3630000415, NULL, '210261', 0, 0, '2013-02-20 23:42:49', NULL, NULL, NULL, 0, '0', '0'),
(3630000416, NULL, '881894', 0, 0, '2013-02-20 23:42:49', NULL, NULL, NULL, 0, '0', '0'),
(3630000417, NULL, '372523', 0, 0, '2013-02-20 23:42:49', NULL, NULL, NULL, 0, '0', '0'),
(3630000418, NULL, '799202', 0, 0, '2013-02-20 23:42:49', NULL, NULL, NULL, 0, '0', '0'),
(3630000419, NULL, '583120', 0, 0, '2013-02-20 23:42:49', NULL, NULL, NULL, 0, '0', '0'),
(3630000420, NULL, '877604', 0, 0, '2013-02-20 23:42:49', NULL, NULL, NULL, 0, '0', '0'),
(3630000421, NULL, '595810', 0, 0, '2013-02-20 23:42:49', NULL, NULL, NULL, 0, '0', '0'),
(3630000422, NULL, '281267', 0, 0, '2013-02-20 23:42:49', NULL, NULL, NULL, 0, '0', '0'),
(3630000423, NULL, '501294', 0, 0, '2013-02-20 23:42:49', NULL, NULL, NULL, 0, '0', '0'),
(3630000424, NULL, '909936', 0, 0, '2013-02-20 23:42:49', NULL, NULL, NULL, 0, '0', '0'),
(3630000425, NULL, '708051', 0, 0, '2013-02-20 23:42:49', NULL, NULL, NULL, 0, '0', '0'),
(3630000426, NULL, '274490', 0, 0, '2013-02-20 23:42:49', NULL, NULL, NULL, 0, '0', '0'),
(3630000427, NULL, '329257', 0, 0, '2013-02-20 23:42:49', NULL, NULL, NULL, 0, '0', '0'),
(3630000428, NULL, '531906', 0, 0, '2013-02-20 23:42:49', NULL, NULL, NULL, 0, '0', '0'),
(3630000429, NULL, '355820', 0, 0, '2013-02-20 23:42:49', NULL, NULL, NULL, 0, '0', '0'),
(3630000430, NULL, '683988', 0, 0, '2013-02-20 23:42:49', NULL, NULL, NULL, 0, '0', '0'),
(3630000431, NULL, '034520', 0, 0, '2013-02-20 23:42:49', NULL, NULL, NULL, 0, '0', '0'),
(3630000432, NULL, '725183', 0, 0, '2013-02-20 23:42:49', NULL, NULL, NULL, 0, '0', '0'),
(3630000433, NULL, '858609', 0, 0, '2013-02-20 23:42:49', NULL, NULL, NULL, 0, '0', '0'),
(3630000434, NULL, '441294', 0, 0, '2013-02-20 23:42:49', NULL, NULL, NULL, 0, '0', '0'),
(3630000435, NULL, '131155', 0, 0, '2013-02-20 23:42:49', NULL, NULL, NULL, 0, '0', '0'),
(3630000436, NULL, '359001', 0, 0, '2013-02-20 23:42:49', NULL, NULL, NULL, 0, '0', '0'),
(3630000437, NULL, '794118', 0, 0, '2013-02-20 23:42:49', NULL, NULL, NULL, 0, '0', '0'),
(3630000438, NULL, '188233', 0, 0, '2013-02-20 23:42:49', NULL, NULL, NULL, 0, '0', '0'),
(3630000439, NULL, '587880', 0, 0, '2013-02-20 23:42:49', NULL, NULL, NULL, 0, '0', '0'),
(3630000440, NULL, '910512', 0, 0, '2013-02-20 23:42:49', NULL, NULL, NULL, 0, '0', '0'),
(3630000441, NULL, '352329', 0, 0, '2013-02-20 23:42:49', NULL, NULL, NULL, 0, '0', '0'),
(3630000442, NULL, '717178', 0, 0, '2013-02-20 23:42:49', NULL, NULL, NULL, 0, '0', '0'),
(3630000443, NULL, '281017', 0, 0, '2013-02-20 23:42:49', NULL, NULL, NULL, 0, '0', '0'),
(3630000444, NULL, '485049', 0, 0, '2013-02-20 23:42:49', NULL, NULL, NULL, 0, '0', '0'),
(3630000445, NULL, '871846', 0, 0, '2013-02-20 23:42:49', NULL, NULL, NULL, 0, '0', '0'),
(3630000446, NULL, '639782', 0, 0, '2013-02-20 23:42:49', NULL, NULL, NULL, 0, '0', '0'),
(3630000447, NULL, '635859', 0, 0, '2013-02-20 23:42:49', NULL, NULL, NULL, 0, '0', '0'),
(3630000448, NULL, '959180', 0, 0, '2013-02-20 23:42:49', NULL, NULL, NULL, 0, '0', '0'),
(3630000449, NULL, '226138', 0, 0, '2013-02-20 23:42:49', NULL, NULL, NULL, 0, '0', '0'),
(3630000450, NULL, '347636', 0, 0, '2013-02-20 23:42:49', NULL, NULL, NULL, 0, '0', '0'),
(3630000451, NULL, '642179', 0, 0, '2013-02-20 23:42:49', NULL, NULL, NULL, 0, '0', '0'),
(3630000452, NULL, '391943', 0, 0, '2013-02-20 23:42:49', NULL, NULL, NULL, 0, '0', '0'),
(3630000453, NULL, '554896', 0, 0, '2013-02-20 23:42:49', NULL, NULL, NULL, 0, '0', '0'),
(3630000454, NULL, '258951', 0, 0, '2013-02-20 23:42:49', NULL, NULL, NULL, 0, '0', '0'),
(3630000455, NULL, '318753', 0, 0, '2013-02-20 23:42:49', NULL, NULL, NULL, 0, '0', '0'),
(3630000456, NULL, '918654', 0, 0, '2013-02-20 23:42:49', NULL, NULL, NULL, 0, '0', '0'),
(3630000457, NULL, '566639', 0, 0, '2013-02-20 23:42:49', NULL, NULL, NULL, 0, '0', '0'),
(3630000458, NULL, '223209', 0, 0, '2013-02-20 23:42:49', NULL, NULL, NULL, 0, '0', '0'),
(3630000459, NULL, '554272', 0, 0, '2013-02-20 23:42:49', NULL, NULL, NULL, 0, '0', '0'),
(3630000460, NULL, '832309', 0, 0, '2013-02-20 23:42:49', NULL, NULL, NULL, 0, '0', '0'),
(3630000461, NULL, '477314', 0, 0, '2013-02-20 23:42:49', NULL, NULL, NULL, 0, '0', '0'),
(3630000462, NULL, '324132', 0, 0, '2013-02-20 23:42:49', NULL, NULL, NULL, 0, '0', '0'),
(3630000463, NULL, '841809', 0, 0, '2013-02-20 23:42:49', NULL, NULL, NULL, 0, '0', '0'),
(3630000464, NULL, '074149', 0, 0, '2013-02-20 23:42:49', NULL, NULL, NULL, 0, '0', '0'),
(3630000465, NULL, '053121', 0, 0, '2013-02-20 23:42:49', NULL, NULL, NULL, 0, '0', '0'),
(3630000466, NULL, '658854', 0, 0, '2013-02-20 23:42:49', NULL, NULL, NULL, 0, '0', '0'),
(3630000467, NULL, '110693', 0, 0, '2013-02-20 23:42:49', NULL, NULL, NULL, 0, '0', '0'),
(3630000468, NULL, '559756', 0, 0, '2013-02-20 23:42:49', NULL, NULL, NULL, 0, '0', '0'),
(3630000469, NULL, '401299', 0, 0, '2013-02-20 23:42:49', NULL, NULL, NULL, 0, '0', '0'),
(3630000470, NULL, '045023', 0, 0, '2013-02-20 23:42:49', NULL, NULL, NULL, 0, '0', '0'),
(3630000471, NULL, '982373', 0, 0, '2013-02-20 23:42:49', NULL, NULL, NULL, 0, '0', '0'),
(3630000472, NULL, '128343', 0, 0, '2013-02-20 23:42:49', NULL, NULL, NULL, 0, '0', '0'),
(3630000473, NULL, '064156', 0, 0, '2013-02-20 23:42:49', NULL, NULL, NULL, 0, '0', '0'),
(3630000474, NULL, '795781', 0, 0, '2013-02-20 23:42:49', NULL, NULL, NULL, 0, '0', '0'),
(3630000475, NULL, '314323', 0, 0, '2013-02-20 23:42:49', NULL, NULL, NULL, 0, '0', '0'),
(3630000476, NULL, '496071', 0, 0, '2013-02-20 23:42:49', NULL, NULL, NULL, 0, '0', '0'),
(3630000477, NULL, '903552', 0, 0, '2013-02-20 23:42:49', NULL, NULL, NULL, 0, '0', '0'),
(3630000478, NULL, '234022', 0, 0, '2013-02-20 23:42:49', NULL, NULL, NULL, 0, '0', '0'),
(3630000479, NULL, '309484', 0, 0, '2013-02-20 23:42:49', NULL, NULL, NULL, 0, '0', '0'),
(3630000480, NULL, '561305', 0, 0, '2013-02-20 23:42:49', NULL, NULL, NULL, 0, '0', '0'),
(3630000481, NULL, '907326', 0, 0, '2013-02-20 23:42:49', NULL, NULL, NULL, 0, '0', '0'),
(3630000482, NULL, '592677', 0, 0, '2013-02-20 23:42:49', NULL, NULL, NULL, 0, '0', '0'),
(3630000483, NULL, '595334', 0, 0, '2013-02-20 23:42:49', NULL, NULL, NULL, 0, '0', '0'),
(3630000484, NULL, '368818', 0, 0, '2013-02-20 23:42:49', NULL, NULL, NULL, 0, '0', '0'),
(3630000485, NULL, '770209', 0, 0, '2013-02-20 23:42:49', NULL, NULL, NULL, 0, '0', '0'),
(3630000486, NULL, '505936', 0, 0, '2013-02-20 23:42:49', NULL, NULL, NULL, 0, '0', '0'),
(3630000487, NULL, '361963', 0, 0, '2013-02-20 23:42:49', NULL, NULL, NULL, 0, '0', '0'),
(3630000488, NULL, '872361', 0, 0, '2013-02-20 23:42:49', NULL, NULL, NULL, 0, '0', '0'),
(3630000489, NULL, '626379', 0, 0, '2013-02-20 23:42:49', NULL, NULL, NULL, 0, '0', '0'),
(3630000490, NULL, '854693', 0, 0, '2013-02-20 23:42:49', NULL, NULL, NULL, 0, '0', '0'),
(3630000491, NULL, '570645', 0, 0, '2013-02-20 23:42:49', NULL, NULL, NULL, 0, '0', '0'),
(3630000492, NULL, '171023', 0, 0, '2013-02-20 23:42:49', NULL, NULL, NULL, 0, '0', '0'),
(3630000493, NULL, '098883', 0, 0, '2013-02-20 23:42:49', NULL, NULL, NULL, 0, '0', '0'),
(3630000494, NULL, '846285', 0, 0, '2013-02-20 23:42:49', NULL, NULL, NULL, 0, '0', '0'),
(3630000495, NULL, '605505', 0, 0, '2013-02-20 23:42:49', NULL, NULL, NULL, 0, '0', '0'),
(3630000496, NULL, '455228', 0, 0, '2013-02-20 23:42:49', NULL, NULL, NULL, 0, '0', '0'),
(3630000497, NULL, '477448', 0, 0, '2013-02-20 23:42:49', NULL, NULL, NULL, 0, '0', '0'),
(3630000498, NULL, '048160', 0, 0, '2013-02-20 23:42:49', NULL, NULL, NULL, 0, '0', '0'),
(3630000499, NULL, '056646', 0, 0, '2013-02-20 23:42:49', NULL, NULL, NULL, 0, '0', '0'),
(3630000500, NULL, '763597', 0, 0, '2013-02-20 23:42:49', NULL, NULL, NULL, 0, '0', '0'),
(3630000501, NULL, '783853', 0, 0, '2013-02-20 23:42:49', NULL, NULL, NULL, 0, '0', '0'),
(3630000502, NULL, '034058', 0, 0, '2013-02-20 23:42:49', NULL, NULL, NULL, 0, '0', '0'),
(3630000503, NULL, '807134', 0, 0, '2013-02-20 23:42:49', NULL, NULL, NULL, 0, '0', '0'),
(3630000504, NULL, '667718', 0, 0, '2013-02-20 23:42:49', NULL, NULL, NULL, 0, '0', '0'),
(3630000505, NULL, '290016', 0, 0, '2013-02-20 23:42:49', NULL, NULL, NULL, 0, '0', '0'),
(3630000506, NULL, '096514', 0, 0, '2013-02-20 23:42:49', NULL, NULL, NULL, 0, '0', '0'),
(3630000507, NULL, '107499', 0, 0, '2013-02-20 23:42:49', NULL, NULL, NULL, 0, '0', '0'),
(3630000508, NULL, '536575', 0, 0, '2013-02-20 23:42:49', NULL, NULL, NULL, 0, '0', '0'),
(3630000509, NULL, '064399', 0, 0, '2013-02-20 23:42:49', NULL, NULL, NULL, 0, '0', '0'),
(3630000510, NULL, '130065', 0, 0, '2013-02-20 23:42:49', NULL, NULL, NULL, 0, '0', '0'),
(3630000511, NULL, '011162', 0, 0, '2013-02-20 23:42:49', NULL, NULL, NULL, 0, '0', '0'),
(3630000512, NULL, '056554', 0, 0, '2013-02-20 23:42:49', NULL, NULL, NULL, 0, '0', '0'),
(3630000513, NULL, '798495', 0, 0, '2013-02-20 23:42:49', NULL, NULL, NULL, 0, '0', '0'),
(3630000514, NULL, '194023', 0, 0, '2013-02-20 23:42:49', NULL, NULL, NULL, 0, '0', '0'),
(3630000515, NULL, '860371', 0, 0, '2013-02-20 23:42:49', NULL, NULL, NULL, 0, '0', '0'),
(3630000516, NULL, '238872', 0, 0, '2013-02-20 23:42:49', NULL, NULL, NULL, 0, '0', '0'),
(3630000517, NULL, '827993', 0, 0, '2013-02-20 23:42:49', NULL, NULL, NULL, 0, '0', '0'),
(3630000518, NULL, '072393', 0, 0, '2013-02-20 23:42:49', NULL, NULL, NULL, 0, '0', '0'),
(3630000519, NULL, '463559', 0, 0, '2013-02-20 23:42:49', NULL, NULL, NULL, 0, '0', '0'),
(3630000520, NULL, '046128', 0, 0, '2013-02-20 23:42:49', NULL, NULL, NULL, 0, '0', '0'),
(3630000521, NULL, '605152', 0, 0, '2013-02-20 23:42:49', NULL, NULL, NULL, 0, '0', '0'),
(3630000522, NULL, '213143', 0, 0, '2013-02-20 23:42:49', NULL, NULL, NULL, 0, '0', '0'),
(3630000523, NULL, '441857', 0, 0, '2013-02-20 23:42:49', NULL, NULL, NULL, 0, '0', '0'),
(3630000524, NULL, '279728', 0, 0, '2013-02-20 23:42:49', NULL, NULL, NULL, 0, '0', '0'),
(3630000525, NULL, '689796', 0, 0, '2013-02-20 23:42:49', NULL, NULL, NULL, 0, '0', '0'),
(3630000526, NULL, '763868', 0, 0, '2013-02-20 23:42:49', NULL, NULL, NULL, 0, '0', '0'),
(3630000527, NULL, '313341', 0, 0, '2013-02-20 23:42:49', NULL, NULL, NULL, 0, '0', '0'),
(3630000528, NULL, '129416', 0, 0, '2013-02-20 23:42:49', NULL, NULL, NULL, 0, '0', '0'),
(3630000529, NULL, '937408', 0, 0, '2013-02-20 23:42:49', NULL, NULL, NULL, 0, '0', '0'),
(3630000530, NULL, '547449', 0, 0, '2013-02-20 23:42:49', NULL, NULL, NULL, 0, '0', '0'),
(3630000531, NULL, '929516', 0, 0, '2013-02-20 23:42:49', NULL, NULL, NULL, 0, '0', '0'),
(3630000532, NULL, '798376', 0, 0, '2013-02-20 23:42:49', NULL, NULL, NULL, 0, '0', '0'),
(3630000533, NULL, '352680', 0, 0, '2013-02-20 23:42:49', NULL, NULL, NULL, 0, '0', '0'),
(3630000534, NULL, '016221', 0, 0, '2013-02-20 23:42:49', NULL, NULL, NULL, 0, '0', '0'),
(3630000535, NULL, '895253', 0, 0, '2013-02-20 23:42:49', NULL, NULL, NULL, 0, '0', '0'),
(3630000536, NULL, '838384', 0, 0, '2013-02-20 23:42:49', NULL, NULL, NULL, 0, '0', '0'),
(3630000537, NULL, '427582', 0, 0, '2013-02-20 23:42:49', NULL, NULL, NULL, 0, '0', '0'),
(3630000538, NULL, '323555', 0, 0, '2013-02-20 23:42:49', NULL, NULL, NULL, 0, '0', '0'),
(3630000539, NULL, '853268', 0, 0, '2013-02-20 23:42:49', NULL, NULL, NULL, 0, '0', '0'),
(3630000540, NULL, '611795', 0, 0, '2013-02-20 23:42:49', NULL, NULL, NULL, 0, '0', '0'),
(3630000541, NULL, '266583', 0, 0, '2013-02-20 23:42:49', NULL, NULL, NULL, 0, '0', '0'),
(3630000542, NULL, '345840', 0, 0, '2013-02-20 23:42:49', NULL, NULL, NULL, 0, '0', '0'),
(3630000543, NULL, '509167', 0, 0, '2013-02-20 23:42:49', NULL, NULL, NULL, 0, '0', '0'),
(3630000544, NULL, '683473', 0, 0, '2013-02-20 23:42:49', NULL, NULL, NULL, 0, '0', '0'),
(3630000545, NULL, '187008', 0, 0, '2013-02-20 23:42:49', NULL, NULL, NULL, 0, '0', '0'),
(3630000546, NULL, '323333', 0, 0, '2013-02-20 23:42:49', NULL, NULL, NULL, 0, '0', '0'),
(3630000547, NULL, '734374', 0, 0, '2013-02-20 23:42:49', NULL, NULL, NULL, 0, '0', '0'),
(3630000548, NULL, '420236', 0, 0, '2013-02-20 23:42:49', NULL, NULL, NULL, 0, '0', '0'),
(3630000549, NULL, '240391', 0, 0, '2013-02-20 23:42:49', NULL, NULL, NULL, 0, '0', '0'),
(3630000550, NULL, '536062', 0, 0, '2013-02-20 23:42:49', NULL, NULL, NULL, 0, '0', '0'),
(3630000551, NULL, '374248', 0, 0, '2013-02-20 23:42:49', NULL, NULL, NULL, 0, '0', '0'),
(3630000552, NULL, '863412', 0, 0, '2013-02-20 23:42:49', NULL, NULL, NULL, 0, '0', '0'),
(3630000553, NULL, '311625', 0, 0, '2013-02-20 23:42:49', NULL, NULL, NULL, 0, '0', '0'),
(3630000554, NULL, '539900', 0, 0, '2013-02-20 23:42:49', NULL, NULL, NULL, 0, '0', '0'),
(3630000555, NULL, '115744', 0, 0, '2013-02-20 23:42:49', NULL, NULL, NULL, 0, '0', '0'),
(3630000556, NULL, '131279', 0, 0, '2013-02-20 23:42:49', NULL, NULL, NULL, 0, '0', '0'),
(3630000557, NULL, '383749', 0, 0, '2013-02-20 23:42:49', NULL, NULL, NULL, 0, '0', '0'),
(3630000558, NULL, '185359', 0, 0, '2013-02-20 23:42:49', NULL, NULL, NULL, 0, '0', '0'),
(3630000559, NULL, '264779', 0, 0, '2013-02-20 23:42:49', NULL, NULL, NULL, 0, '0', '0'),
(3630000560, NULL, '100926', 0, 0, '2013-02-20 23:42:49', NULL, NULL, NULL, 0, '0', '0'),
(3630000561, NULL, '092236', 0, 0, '2013-02-20 23:42:49', NULL, NULL, NULL, 0, '0', '0'),
(3630000562, NULL, '218926', 0, 0, '2013-02-20 23:42:49', NULL, NULL, NULL, 0, '0', '0'),
(3630000563, NULL, '657140', 0, 0, '2013-02-20 23:42:49', NULL, NULL, NULL, 0, '0', '0'),
(3630000564, NULL, '410978', 0, 0, '2013-02-20 23:42:49', NULL, NULL, NULL, 0, '0', '0'),
(3630000565, NULL, '683922', 0, 0, '2013-02-20 23:42:49', NULL, NULL, NULL, 0, '0', '0'),
(3630000566, NULL, '787764', 0, 0, '2013-02-20 23:42:49', NULL, NULL, NULL, 0, '0', '0'),
(3630000567, NULL, '396175', 0, 0, '2013-02-20 23:42:49', NULL, NULL, NULL, 0, '0', '0'),
(3630000568, NULL, '446024', 0, 0, '2013-02-20 23:42:49', NULL, NULL, NULL, 0, '0', '0'),
(3630000569, NULL, '904410', 0, 0, '2013-02-20 23:42:49', NULL, NULL, NULL, 0, '0', '0'),
(3630000570, NULL, '426318', 0, 0, '2013-02-20 23:42:49', NULL, NULL, NULL, 0, '0', '0'),
(3630000571, NULL, '369460', 0, 0, '2013-02-20 23:42:49', NULL, NULL, NULL, 0, '0', '0'),
(3630000572, NULL, '756666', 0, 0, '2013-02-20 23:42:49', NULL, NULL, NULL, 0, '0', '0'),
(3630000573, NULL, '506209', 0, 0, '2013-02-20 23:42:49', NULL, NULL, NULL, 0, '0', '0'),
(3630000574, NULL, '699190', 0, 0, '2013-02-20 23:42:49', NULL, NULL, NULL, 0, '0', '0'),
(3630000575, NULL, '912406', 0, 0, '2013-02-20 23:42:49', NULL, NULL, NULL, 0, '0', '0'),
(3630000576, NULL, '700073', 0, 0, '2013-02-20 23:42:49', NULL, NULL, NULL, 0, '0', '0'),
(3630000577, NULL, '407313', 0, 0, '2013-02-20 23:42:49', NULL, NULL, NULL, 0, '0', '0'),
(3630000578, NULL, '249726', 0, 0, '2013-02-20 23:42:49', NULL, NULL, NULL, 0, '0', '0'),
(3630000579, NULL, '213205', 0, 0, '2013-02-20 23:42:49', NULL, NULL, NULL, 0, '0', '0'),
(3630000580, NULL, '592180', 0, 0, '2013-02-20 23:42:49', NULL, NULL, NULL, 0, '0', '0'),
(3630000581, NULL, '946899', 0, 0, '2013-02-20 23:42:49', NULL, NULL, NULL, 0, '0', '0'),
(3630000582, NULL, '088070', 0, 0, '2013-02-20 23:42:49', NULL, NULL, NULL, 0, '0', '0'),
(3630000583, NULL, '037418', 0, 0, '2013-02-20 23:42:49', NULL, NULL, NULL, 0, '0', '0'),
(3630000584, NULL, '899475', 0, 0, '2013-02-20 23:42:49', NULL, NULL, NULL, 0, '0', '0'),
(3630000585, NULL, '178993', 0, 0, '2013-02-20 23:42:49', NULL, NULL, NULL, 0, '0', '0'),
(3630000586, NULL, '462690', 0, 0, '2013-02-20 23:42:49', NULL, NULL, NULL, 0, '0', '0'),
(3630000587, NULL, '777811', 0, 0, '2013-02-20 23:42:49', NULL, NULL, NULL, 0, '0', '0'),
(3630000588, NULL, '001544', 0, 0, '2013-02-20 23:42:49', NULL, NULL, NULL, 0, '0', '0'),
(3630000589, NULL, '904476', 0, 0, '2013-02-20 23:42:49', NULL, NULL, NULL, 0, '0', '0'),
(3630000590, NULL, '935878', 0, 0, '2013-02-20 23:42:49', NULL, NULL, NULL, 0, '0', '0'),
(3630000591, NULL, '835421', 0, 0, '2013-02-20 23:42:49', NULL, NULL, NULL, 0, '0', '0'),
(3630000592, NULL, '172472', 0, 0, '2013-02-20 23:42:49', NULL, NULL, NULL, 0, '0', '0'),
(3630000593, NULL, '011610', 0, 0, '2013-02-20 23:42:49', NULL, NULL, NULL, 0, '0', '0'),
(3630000594, NULL, '102297', 0, 0, '2013-02-20 23:42:49', NULL, NULL, NULL, 0, '0', '0'),
(3630000595, NULL, '186138', 0, 0, '2013-02-20 23:42:49', NULL, NULL, NULL, 0, '0', '0'),
(3630000596, NULL, '576060', 0, 0, '2013-02-20 23:42:49', NULL, NULL, NULL, 0, '0', '0'),
(3630000597, NULL, '553816', 0, 0, '2013-02-20 23:42:49', NULL, NULL, NULL, 0, '0', '0'),
(3630000598, NULL, '287388', 0, 0, '2013-02-20 23:42:49', NULL, NULL, NULL, 0, '0', '0'),
(3630000599, NULL, '050404', 0, 0, '2013-02-20 23:42:49', NULL, NULL, NULL, 0, '0', '0'),
(3630000600, NULL, '951274', 0, 0, '2013-02-20 23:42:49', NULL, NULL, NULL, 0, '0', '0'),
(3630000601, NULL, '666564', 0, 0, '2013-02-20 23:42:49', NULL, NULL, NULL, 0, '0', '0'),
(3630000602, NULL, '956099', 0, 0, '2013-02-20 23:42:49', NULL, NULL, NULL, 0, '0', '0'),
(3630000603, NULL, '603880', 0, 0, '2013-02-20 23:42:49', NULL, NULL, NULL, 0, '0', '0'),
(3630000604, NULL, '333362', 0, 0, '2013-02-20 23:42:49', NULL, NULL, NULL, 0, '0', '0'),
(3630000605, NULL, '005361', 0, 0, '2013-02-20 23:42:49', NULL, NULL, NULL, 0, '0', '0'),
(3630000606, NULL, '166889', 0, 0, '2013-02-20 23:42:49', NULL, NULL, NULL, 0, '0', '0'),
(3630000607, NULL, '369416', 0, 0, '2013-02-20 23:42:49', NULL, NULL, NULL, 0, '0', '0'),
(3630000608, NULL, '730995', 0, 0, '2013-02-20 23:42:49', NULL, NULL, NULL, 0, '0', '0'),
(3630000609, NULL, '300441', 0, 0, '2013-02-20 23:42:49', NULL, NULL, NULL, 0, '0', '0'),
(3630000610, NULL, '389621', 0, 0, '2013-02-20 23:42:49', NULL, NULL, NULL, 0, '0', '0'),
(3630000611, NULL, '558176', 0, 0, '2013-02-20 23:42:49', NULL, NULL, NULL, 0, '0', '0'),
(3630000612, NULL, '883586', 0, 0, '2013-02-20 23:42:49', NULL, NULL, NULL, 0, '0', '0'),
(3630000613, NULL, '330077', 0, 0, '2013-02-20 23:42:49', NULL, NULL, NULL, 0, '0', '0'),
(3630000614, NULL, '620940', 0, 0, '2013-02-20 23:42:49', NULL, NULL, NULL, 0, '0', '0'),
(3630000615, NULL, '491398', 0, 0, '2013-02-20 23:42:49', NULL, NULL, NULL, 0, '0', '0'),
(3630000616, NULL, '142194', 0, 0, '2013-02-20 23:42:49', NULL, NULL, NULL, 0, '0', '0'),
(3630000617, NULL, '366681', 0, 0, '2013-02-20 23:42:49', NULL, NULL, NULL, 0, '0', '0'),
(3630000618, NULL, '074525', 0, 0, '2013-02-20 23:42:49', NULL, NULL, NULL, 0, '0', '0'),
(3630000619, NULL, '414126', 0, 0, '2013-02-20 23:42:49', NULL, NULL, NULL, 0, '0', '0'),
(3630000620, NULL, '045023', 0, 0, '2013-02-20 23:42:49', NULL, NULL, NULL, 0, '0', '0'),
(3630000621, NULL, '619313', 0, 0, '2013-02-20 23:42:49', NULL, NULL, NULL, 0, '0', '0'),
(3630000622, NULL, '134725', 0, 0, '2013-02-20 23:42:49', NULL, NULL, NULL, 0, '0', '0'),
(3630000623, NULL, '408201', 0, 0, '2013-02-20 23:42:49', NULL, NULL, NULL, 0, '0', '0'),
(3630000624, NULL, '857685', 0, 0, '2013-02-20 23:42:49', NULL, NULL, NULL, 0, '0', '0'),
(3630000625, NULL, '796192', 0, 0, '2013-02-20 23:42:49', NULL, NULL, NULL, 0, '0', '0'),
(3630000626, NULL, '873186', 0, 0, '2013-02-20 23:42:49', NULL, NULL, NULL, 0, '0', '0'),
(3630000627, NULL, '864328', 0, 0, '2013-02-20 23:42:49', NULL, NULL, NULL, 0, '0', '0'),
(3630000628, NULL, '251137', 0, 0, '2013-02-20 23:42:49', NULL, NULL, NULL, 0, '0', '0'),
(3630000629, NULL, '276525', 0, 0, '2013-02-20 23:42:49', NULL, NULL, NULL, 0, '0', '0'),
(3630000630, NULL, '802366', 0, 0, '2013-02-20 23:42:49', NULL, NULL, NULL, 0, '0', '0'),
(3630000631, NULL, '790209', 0, 0, '2013-02-20 23:42:49', NULL, NULL, NULL, 0, '0', '0'),
(3630000632, NULL, '285052', 0, 0, '2013-02-20 23:42:49', NULL, NULL, NULL, 0, '0', '0'),
(3630000633, NULL, '077607', 0, 0, '2013-02-20 23:42:49', NULL, NULL, NULL, 0, '0', '0'),
(3630000634, NULL, '400760', 0, 0, '2013-02-20 23:42:49', NULL, NULL, NULL, 0, '0', '0'),
(3630000635, NULL, '989784', 0, 0, '2013-02-20 23:42:49', NULL, NULL, NULL, 0, '0', '0'),
(3630000636, NULL, '990869', 0, 0, '2013-02-20 23:42:49', NULL, NULL, NULL, 0, '0', '0'),
(3630000637, NULL, '148819', 0, 0, '2013-02-20 23:42:49', NULL, NULL, NULL, 0, '0', '0'),
(3630000638, NULL, '956172', 0, 0, '2013-02-20 23:42:49', NULL, NULL, NULL, 0, '0', '0'),
(3630000639, NULL, '632296', 0, 0, '2013-02-20 23:42:49', NULL, NULL, NULL, 0, '0', '0'),
(3630000640, NULL, '071507', 0, 0, '2013-02-20 23:42:49', NULL, NULL, NULL, 0, '0', '0'),
(3630000641, NULL, '196734', 0, 0, '2013-02-20 23:42:49', NULL, NULL, NULL, 0, '0', '0'),
(3630000642, NULL, '509884', 0, 0, '2013-02-20 23:42:49', NULL, NULL, NULL, 0, '0', '0'),
(3630000643, NULL, '017028', 0, 0, '2013-02-20 23:42:49', NULL, NULL, NULL, 0, '0', '0'),
(3630000644, NULL, '717565', 0, 0, '2013-02-20 23:42:49', NULL, NULL, NULL, 0, '0', '0'),
(3630000645, NULL, '885674', 0, 0, '2013-02-20 23:42:49', NULL, NULL, NULL, 0, '0', '0'),
(3630000646, NULL, '661351', 0, 0, '2013-02-20 23:42:49', NULL, NULL, NULL, 0, '0', '0'),
(3630000647, NULL, '315323', 0, 0, '2013-02-20 23:42:49', NULL, NULL, NULL, 0, '0', '0'),
(3630000648, NULL, '760680', 0, 0, '2013-02-20 23:42:49', NULL, NULL, NULL, 0, '0', '0'),
(3630000649, NULL, '339917', 0, 0, '2013-02-20 23:42:49', NULL, NULL, NULL, 0, '0', '0'),
(3630000650, NULL, '301420', 0, 0, '2013-02-20 23:42:49', NULL, NULL, NULL, 0, '0', '0'),
(3630000651, NULL, '492041', 0, 0, '2013-02-20 23:42:49', NULL, NULL, NULL, 0, '0', '0'),
(3630000652, NULL, '514079', 0, 0, '2013-02-20 23:42:49', NULL, NULL, NULL, 0, '0', '0'),
(3630000653, NULL, '308908', 0, 0, '2013-02-20 23:42:49', NULL, NULL, NULL, 0, '0', '0'),
(3630000654, NULL, '777862', 0, 0, '2013-02-20 23:42:49', NULL, NULL, NULL, 0, '0', '0'),
(3630000655, NULL, '441436', 0, 0, '2013-02-20 23:42:49', NULL, NULL, NULL, 0, '0', '0'),
(3630000656, NULL, '309573', 0, 0, '2013-02-20 23:42:49', NULL, NULL, NULL, 0, '0', '0'),
(3630000657, NULL, '154099', 0, 0, '2013-02-20 23:42:49', NULL, NULL, NULL, 0, '0', '0'),
(3630000658, NULL, '940349', 0, 0, '2013-02-20 23:42:49', NULL, NULL, NULL, 0, '0', '0'),
(3630000659, NULL, '921425', 0, 0, '2013-02-20 23:42:49', NULL, NULL, NULL, 0, '0', '0'),
(3630000660, NULL, '499965', 0, 0, '2013-02-20 23:42:49', NULL, NULL, NULL, 0, '0', '0'),
(3630000661, NULL, '718106', 0, 0, '2013-02-20 23:42:49', NULL, NULL, NULL, 0, '0', '0'),
(3630000662, NULL, '747324', 0, 0, '2013-02-20 23:42:49', NULL, NULL, NULL, 0, '0', '0'),
(3630000663, NULL, '665381', 0, 0, '2013-02-20 23:42:49', NULL, NULL, NULL, 0, '0', '0'),
(3630000664, NULL, '471358', 0, 0, '2013-02-20 23:42:49', NULL, NULL, NULL, 0, '0', '0'),
(3630000665, NULL, '747229', 0, 0, '2013-02-20 23:42:49', NULL, NULL, NULL, 0, '0', '0'),
(3630000666, NULL, '487932', 0, 0, '2013-02-20 23:42:49', NULL, NULL, NULL, 0, '0', '0'),
(3630000667, NULL, '180335', 0, 0, '2013-02-20 23:42:49', NULL, NULL, NULL, 0, '0', '0'),
(3630000668, NULL, '485598', 0, 0, '2013-02-20 23:42:49', NULL, NULL, NULL, 0, '0', '0'),
(3630000669, NULL, '988698', 0, 0, '2013-02-20 23:42:49', NULL, NULL, NULL, 0, '0', '0'),
(3630000670, NULL, '074737', 0, 0, '2013-02-20 23:42:49', NULL, NULL, NULL, 0, '0', '0'),
(3630000671, NULL, '211964', 0, 0, '2013-02-20 23:42:49', NULL, NULL, NULL, 0, '0', '0'),
(3630000672, NULL, '462715', 0, 0, '2013-02-20 23:42:49', NULL, NULL, NULL, 0, '0', '0'),
(3630000673, NULL, '356718', 0, 0, '2013-02-20 23:42:49', NULL, NULL, NULL, 0, '0', '0'),
(3630000674, NULL, '411839', 0, 0, '2013-02-20 23:42:49', NULL, NULL, NULL, 0, '0', '0'),
(3630000675, NULL, '062525', 0, 0, '2013-02-20 23:42:49', NULL, NULL, NULL, 0, '0', '0'),
(3630000676, NULL, '148317', 0, 0, '2013-02-20 23:42:49', NULL, NULL, NULL, 0, '0', '0'),
(3630000677, NULL, '419712', 0, 0, '2013-02-20 23:42:49', NULL, NULL, NULL, 0, '0', '0'),
(3630000678, NULL, '822599', 0, 0, '2013-02-20 23:42:49', NULL, NULL, NULL, 0, '0', '0'),
(3630000679, NULL, '472463', 0, 0, '2013-02-20 23:42:49', NULL, NULL, NULL, 0, '0', '0'),
(3630000680, NULL, '353490', 0, 0, '2013-02-20 23:42:49', NULL, NULL, NULL, 0, '0', '0'),
(3630000681, NULL, '314225', 0, 0, '2013-02-20 23:42:49', NULL, NULL, NULL, 0, '0', '0'),
(3630000682, NULL, '729191', 0, 0, '2013-02-20 23:42:49', NULL, NULL, NULL, 0, '0', '0'),
(3630000683, NULL, '663024', 0, 0, '2013-02-20 23:42:49', NULL, NULL, NULL, 0, '0', '0'),
(3630000684, NULL, '562492', 0, 0, '2013-02-20 23:42:49', NULL, NULL, NULL, 0, '0', '0'),
(3630000685, NULL, '823269', 0, 0, '2013-02-20 23:42:49', NULL, NULL, NULL, 0, '0', '0'),
(3630000686, NULL, '862533', 0, 0, '2013-02-20 23:42:49', NULL, NULL, NULL, 0, '0', '0'),
(3630000687, NULL, '438250', 0, 0, '2013-02-20 23:42:49', NULL, NULL, NULL, 0, '0', '0'),
(3630000688, NULL, '831703', 0, 0, '2013-02-20 23:42:49', NULL, NULL, NULL, 0, '0', '0'),
(3630000689, NULL, '857859', 0, 0, '2013-02-20 23:42:49', NULL, NULL, NULL, 0, '0', '0'),
(3630000690, NULL, '614397', 0, 0, '2013-02-20 23:42:49', NULL, NULL, NULL, 0, '0', '0'),
(3630000691, NULL, '927789', 0, 0, '2013-02-20 23:42:49', NULL, NULL, NULL, 0, '0', '0'),
(3630000692, NULL, '211546', 0, 0, '2013-02-20 23:42:49', NULL, NULL, NULL, 0, '0', '0'),
(3630000693, NULL, '371655', 0, 0, '2013-02-20 23:42:49', NULL, NULL, NULL, 0, '0', '0'),
(3630000694, NULL, '615418', 0, 0, '2013-02-20 23:42:49', NULL, NULL, NULL, 0, '0', '0'),
(3630000695, NULL, '834554', 0, 0, '2013-02-20 23:42:49', NULL, NULL, NULL, 0, '0', '0'),
(3630000696, NULL, '084291', 0, 0, '2013-02-20 23:42:49', NULL, NULL, NULL, 0, '0', '0'),
(3630000697, NULL, '205398', 0, 0, '2013-02-20 23:42:49', NULL, NULL, NULL, 0, '0', '0'),
(3630000698, NULL, '709795', 0, 0, '2013-02-20 23:42:49', NULL, NULL, NULL, 0, '0', '0'),
(3630000699, NULL, '410882', 0, 0, '2013-02-20 23:42:49', NULL, NULL, NULL, 0, '0', '0'),
(3630000700, NULL, '932897', 0, 0, '2013-02-20 23:42:49', NULL, NULL, NULL, 0, '0', '0'),
(3630000701, NULL, '440425', 0, 0, '2013-02-20 23:42:49', NULL, NULL, NULL, 0, '0', '0'),
(3630000702, NULL, '391611', 0, 0, '2013-02-20 23:42:49', NULL, NULL, NULL, 0, '0', '0'),
(3630000703, NULL, '947323', 0, 0, '2013-02-20 23:42:49', NULL, NULL, NULL, 0, '0', '0'),
(3630000704, NULL, '703638', 0, 0, '2013-02-20 23:42:49', NULL, NULL, NULL, 0, '0', '0'),
(3630000705, NULL, '318516', 0, 0, '2013-02-20 23:42:49', NULL, NULL, NULL, 0, '0', '0'),
(3630000706, NULL, '421227', 0, 0, '2013-02-20 23:42:49', NULL, NULL, NULL, 0, '0', '0'),
(3630000707, NULL, '902844', 0, 0, '2013-02-20 23:42:49', NULL, NULL, NULL, 0, '0', '0'),
(3630000708, NULL, '209415', 0, 0, '2013-02-20 23:42:49', NULL, NULL, NULL, 0, '0', '0'),
(3630000709, NULL, '144333', 0, 0, '2013-02-20 23:42:49', NULL, NULL, NULL, 0, '0', '0'),
(3630000710, NULL, '214475', 0, 0, '2013-02-20 23:42:49', NULL, NULL, NULL, 0, '0', '0'),
(3630000711, NULL, '758235', 0, 0, '2013-02-20 23:42:49', NULL, NULL, NULL, 0, '0', '0'),
(3630000712, NULL, '731880', 0, 0, '2013-02-20 23:42:49', NULL, NULL, NULL, 0, '0', '0'),
(3630000713, NULL, '560960', 0, 0, '2013-02-20 23:42:49', NULL, NULL, NULL, 0, '0', '0'),
(3630000714, NULL, '787181', 0, 0, '2013-02-20 23:42:49', NULL, NULL, NULL, 0, '0', '0'),
(3630000715, NULL, '288461', 0, 0, '2013-02-20 23:42:49', NULL, NULL, NULL, 0, '0', '0'),
(3630000716, NULL, '966170', 0, 0, '2013-02-20 23:42:49', NULL, NULL, NULL, 0, '0', '0'),
(3630000717, NULL, '683577', 0, 0, '2013-02-20 23:42:49', NULL, NULL, NULL, 0, '0', '0'),
(3630000718, NULL, '312296', 0, 0, '2013-02-20 23:42:49', NULL, NULL, NULL, 0, '0', '0'),
(3630000719, NULL, '742690', 0, 0, '2013-02-20 23:42:49', NULL, NULL, NULL, 0, '0', '0'),
(3630000720, NULL, '400395', 0, 0, '2013-02-20 23:42:49', NULL, NULL, NULL, 0, '0', '0'),
(3630000721, NULL, '625792', 0, 0, '2013-02-20 23:42:49', NULL, NULL, NULL, 0, '0', '0'),
(3630000722, NULL, '188038', 0, 0, '2013-02-20 23:42:49', NULL, NULL, NULL, 0, '0', '0'),
(3630000723, NULL, '724764', 0, 0, '2013-02-20 23:42:49', NULL, NULL, NULL, 0, '0', '0'),
(3630000724, NULL, '620851', 0, 0, '2013-02-20 23:42:49', NULL, NULL, NULL, 0, '0', '0'),
(3630000725, NULL, '863785', 0, 0, '2013-02-20 23:42:49', NULL, NULL, NULL, 0, '0', '0'),
(3630000726, NULL, '097313', 0, 0, '2013-02-20 23:42:49', NULL, NULL, NULL, 0, '0', '0'),
(3630000727, NULL, '298057', 0, 0, '2013-02-20 23:42:49', NULL, NULL, NULL, 0, '0', '0'),
(3630000728, NULL, '069030', 0, 0, '2013-02-20 23:42:49', NULL, NULL, NULL, 0, '0', '0'),
(3630000729, NULL, '012277', 0, 0, '2013-02-20 23:42:49', NULL, NULL, NULL, 0, '0', '0'),
(3630000730, NULL, '778984', 0, 0, '2013-02-20 23:42:49', NULL, NULL, NULL, 0, '0', '0'),
(3630000731, NULL, '758294', 0, 0, '2013-02-20 23:42:49', NULL, NULL, NULL, 0, '0', '0'),
(3630000732, NULL, '239382', 0, 0, '2013-02-20 23:42:49', NULL, NULL, NULL, 0, '0', '0'),
(3630000733, NULL, '940272', 0, 0, '2013-02-20 23:42:49', NULL, NULL, NULL, 0, '0', '0'),
(3630000734, NULL, '941865', 0, 0, '2013-02-20 23:42:49', NULL, NULL, NULL, 0, '0', '0'),
(3630000735, NULL, '182194', 0, 0, '2013-02-20 23:42:49', NULL, NULL, NULL, 0, '0', '0'),
(3630000736, NULL, '162499', 0, 0, '2013-02-20 23:42:49', NULL, NULL, NULL, 0, '0', '0'),
(3630000737, NULL, '066628', 0, 0, '2013-02-20 23:42:49', NULL, NULL, NULL, 0, '0', '0'),
(3630000738, NULL, '219834', 0, 0, '2013-02-20 23:42:49', NULL, NULL, NULL, 0, '0', '0'),
(3630000739, NULL, '839499', 0, 0, '2013-02-20 23:42:49', NULL, NULL, NULL, 0, '0', '0'),
(3630000740, NULL, '219571', 0, 0, '2013-02-20 23:42:49', NULL, NULL, NULL, 0, '0', '0'),
(3630000741, NULL, '001619', 0, 0, '2013-02-20 23:42:49', NULL, NULL, NULL, 0, '0', '0'),
(3630000742, NULL, '647848', 0, 0, '2013-02-20 23:42:49', NULL, NULL, NULL, 0, '0', '0'),
(3630000743, NULL, '080177', 0, 0, '2013-02-20 23:42:49', NULL, NULL, NULL, 0, '0', '0'),
(3630000744, NULL, '951222', 0, 0, '2013-02-20 23:42:49', NULL, NULL, NULL, 0, '0', '0'),
(3630000745, NULL, '213991', 0, 0, '2013-02-20 23:42:49', NULL, NULL, NULL, 0, '0', '0'),
(3630000746, NULL, '974920', 0, 0, '2013-02-20 23:42:49', NULL, NULL, NULL, 0, '0', '0'),
(3630000747, NULL, '703684', 0, 0, '2013-02-20 23:42:49', NULL, NULL, NULL, 0, '0', '0'),
(3630000748, NULL, '827139', 0, 0, '2013-02-20 23:42:49', NULL, NULL, NULL, 0, '0', '0'),
(3630000749, NULL, '490887', 0, 0, '2013-02-20 23:42:49', NULL, NULL, NULL, 0, '0', '0'),
(3630000750, NULL, '345374', 0, 0, '2013-02-20 23:42:49', NULL, NULL, NULL, 0, '0', '0'),
(3630000751, NULL, '376448', 0, 0, '2013-02-20 23:42:49', NULL, NULL, NULL, 0, '0', '0'),
(3630000752, NULL, '030458', 0, 0, '2013-02-20 23:42:49', NULL, NULL, NULL, 0, '0', '0'),
(3630000753, NULL, '878482', 0, 0, '2013-02-20 23:42:49', NULL, NULL, NULL, 0, '0', '0'),
(3630000754, NULL, '204233', 0, 0, '2013-02-20 23:42:49', NULL, NULL, NULL, 0, '0', '0'),
(3630000755, NULL, '838691', 0, 0, '2013-02-20 23:42:49', NULL, NULL, NULL, 0, '0', '0'),
(3630000756, NULL, '089291', 0, 0, '2013-02-20 23:42:49', NULL, NULL, NULL, 0, '0', '0'),
(3630000757, NULL, '456177', 0, 0, '2013-02-20 23:42:49', NULL, NULL, NULL, 0, '0', '0'),
(3630000758, NULL, '118295', 0, 0, '2013-02-20 23:42:49', NULL, NULL, NULL, 0, '0', '0'),
(3630000759, NULL, '790103', 0, 0, '2013-02-20 23:42:49', NULL, NULL, NULL, 0, '0', '0'),
(3630000760, NULL, '516625', 0, 0, '2013-02-20 23:42:49', NULL, NULL, NULL, 0, '0', '0'),
(3630000761, NULL, '167272', 0, 0, '2013-02-20 23:42:49', NULL, NULL, NULL, 0, '0', '0'),
(3630000762, NULL, '382895', 0, 0, '2013-02-20 23:42:49', NULL, NULL, NULL, 0, '0', '0'),
(3630000763, NULL, '677047', 0, 0, '2013-02-20 23:42:49', NULL, NULL, NULL, 0, '0', '0'),
(3630000764, NULL, '793034', 0, 0, '2013-02-20 23:42:49', NULL, NULL, NULL, 0, '0', '0'),
(3630000765, NULL, '194120', 0, 0, '2013-02-20 23:42:49', NULL, NULL, NULL, 0, '0', '0'),
(3630000766, NULL, '072787', 0, 0, '2013-02-20 23:42:49', NULL, NULL, NULL, 0, '0', '0'),
(3630000767, NULL, '718399', 0, 0, '2013-02-20 23:42:49', NULL, NULL, NULL, 0, '0', '0'),
(3630000768, NULL, '046877', 0, 0, '2013-02-20 23:42:49', NULL, NULL, NULL, 0, '0', '0'),
(3630000769, NULL, '077040', 0, 0, '2013-02-20 23:42:49', NULL, NULL, NULL, 0, '0', '0'),
(3630000770, NULL, '341006', 0, 0, '2013-02-20 23:42:49', NULL, NULL, NULL, 0, '0', '0'),
(3630000771, NULL, '680659', 0, 0, '2013-02-20 23:42:49', NULL, NULL, NULL, 0, '0', '0'),
(3630000772, NULL, '083698', 0, 0, '2013-02-20 23:42:49', NULL, NULL, NULL, 0, '0', '0'),
(3630000773, NULL, '882222', 0, 0, '2013-02-20 23:42:49', NULL, NULL, NULL, 0, '0', '0'),
(3630000774, NULL, '048674', 0, 0, '2013-02-20 23:42:49', NULL, NULL, NULL, 0, '0', '0'),
(3630000775, NULL, '098455', 0, 0, '2013-02-20 23:42:49', NULL, NULL, NULL, 0, '0', '0'),
(3630000776, NULL, '944368', 0, 0, '2013-02-20 23:42:49', NULL, NULL, NULL, 0, '0', '0'),
(3630000777, NULL, '733906', 0, 0, '2013-02-20 23:42:49', NULL, NULL, NULL, 0, '0', '0'),
(3630000778, NULL, '320995', 0, 0, '2013-02-20 23:42:49', NULL, NULL, NULL, 0, '0', '0'),
(3630000779, NULL, '640247', 0, 0, '2013-02-20 23:42:49', NULL, NULL, NULL, 0, '0', '0'),
(3630000780, NULL, '384141', 0, 0, '2013-02-20 23:42:49', NULL, NULL, NULL, 0, '0', '0'),
(3630000781, NULL, '533592', 0, 0, '2013-02-20 23:42:49', NULL, NULL, NULL, 0, '0', '0'),
(3630000782, NULL, '442446', 0, 0, '2013-02-20 23:42:49', NULL, NULL, NULL, 0, '0', '0'),
(3630000783, NULL, '523178', 0, 0, '2013-02-20 23:42:49', NULL, NULL, NULL, 0, '0', '0'),
(3630000784, NULL, '802729', 0, 0, '2013-02-20 23:42:49', NULL, NULL, NULL, 0, '0', '0'),
(3630000785, NULL, '723922', 0, 0, '2013-02-20 23:42:49', NULL, NULL, NULL, 0, '0', '0'),
(3630000786, NULL, '609934', 0, 0, '2013-02-20 23:42:49', NULL, NULL, NULL, 0, '0', '0'),
(3630000787, NULL, '513318', 0, 0, '2013-02-20 23:42:49', NULL, NULL, NULL, 0, '0', '0'),
(3630000788, NULL, '621051', 0, 0, '2013-02-20 23:42:49', NULL, NULL, NULL, 0, '0', '0'),
(3630000789, NULL, '729461', 0, 0, '2013-02-20 23:42:49', NULL, NULL, NULL, 0, '0', '0'),
(3630000790, NULL, '392088', 0, 0, '2013-02-20 23:42:49', NULL, NULL, NULL, 0, '0', '0'),
(3630000791, NULL, '286583', 0, 0, '2013-02-20 23:42:49', NULL, NULL, NULL, 0, '0', '0'),
(3630000792, NULL, '906579', 0, 0, '2013-02-20 23:42:49', NULL, NULL, NULL, 0, '0', '0'),
(3630000793, NULL, '141539', 0, 0, '2013-02-20 23:42:49', NULL, NULL, NULL, 0, '0', '0'),
(3630000794, NULL, '365466', 0, 0, '2013-02-20 23:42:49', NULL, NULL, NULL, 0, '0', '0'),
(3630000795, NULL, '930313', 0, 0, '2013-02-20 23:42:49', NULL, NULL, NULL, 0, '0', '0'),
(3630000796, NULL, '032687', 0, 0, '2013-02-20 23:42:49', NULL, NULL, NULL, 0, '0', '0'),
(3630000797, NULL, '058053', 0, 0, '2013-02-20 23:42:49', NULL, NULL, NULL, 0, '0', '0'),
(3630000798, NULL, '240735', 0, 0, '2013-02-20 23:42:49', NULL, NULL, NULL, 0, '0', '0'),
(3630000799, NULL, '838630', 0, 0, '2013-02-20 23:42:49', NULL, NULL, NULL, 0, '0', '0'),
(3630000800, NULL, '506209', 0, 0, '2013-02-20 23:42:49', NULL, NULL, NULL, 0, '0', '0'),
(3630000801, NULL, '064888', 0, 0, '2013-02-20 23:42:49', NULL, NULL, NULL, 0, '0', '0'),
(3630000802, NULL, '708837', 0, 0, '2013-02-20 23:42:49', NULL, NULL, NULL, 0, '0', '0'),
(3630000803, NULL, '463030', 0, 0, '2013-02-20 23:42:49', NULL, NULL, NULL, 0, '0', '0'),
(3630000804, NULL, '349392', 0, 0, '2013-02-20 23:42:49', NULL, NULL, NULL, 0, '0', '0'),
(3630000805, NULL, '236093', 0, 0, '2013-02-20 23:42:49', NULL, NULL, NULL, 0, '0', '0'),
(3630000806, NULL, '955694', 0, 0, '2013-02-20 23:42:49', NULL, NULL, NULL, 0, '0', '0'),
(3630000807, NULL, '646550', 0, 0, '2013-02-20 23:42:49', NULL, NULL, NULL, 0, '0', '0'),
(3630000808, NULL, '241181', 0, 0, '2013-02-20 23:42:49', NULL, NULL, NULL, 0, '0', '0'),
(3630000809, NULL, '590086', 0, 0, '2013-02-20 23:42:49', NULL, NULL, NULL, 0, '0', '0'),
(3630000810, NULL, '766379', 0, 0, '2013-02-20 23:42:49', NULL, NULL, NULL, 0, '0', '0'),
(3630000811, NULL, '862083', 0, 0, '2013-02-20 23:42:49', NULL, NULL, NULL, 0, '0', '0'),
(3630000812, NULL, '483330', 0, 0, '2013-02-20 23:42:49', NULL, NULL, NULL, 0, '0', '0'),
(3630000813, NULL, '027997', 0, 0, '2013-02-20 23:42:49', NULL, NULL, NULL, 0, '0', '0'),
(3630000814, NULL, '169651', 0, 0, '2013-02-20 23:42:49', NULL, NULL, NULL, 0, '0', '0'),
(3630000815, NULL, '801885', 0, 0, '2013-02-20 23:42:49', NULL, NULL, NULL, 0, '0', '0'),
(3630000816, NULL, '556290', 0, 0, '2013-02-20 23:42:49', NULL, NULL, NULL, 0, '0', '0'),
(3630000817, NULL, '238194', 0, 0, '2013-02-20 23:42:49', NULL, NULL, NULL, 0, '0', '0'),
(3630000818, NULL, '052658', 0, 0, '2013-02-20 23:42:49', NULL, NULL, NULL, 0, '0', '0'),
(3630000819, NULL, '996588', 0, 0, '2013-02-20 23:42:49', NULL, NULL, NULL, 0, '0', '0'),
(3630000820, NULL, '235571', 0, 0, '2013-02-20 23:42:49', NULL, NULL, NULL, 0, '0', '0'),
(3630000821, NULL, '674475', 0, 0, '2013-02-20 23:42:49', NULL, NULL, NULL, 0, '0', '0'),
(3630000822, NULL, '002634', 0, 0, '2013-02-20 23:42:49', NULL, NULL, NULL, 0, '0', '0'),
(3630000823, NULL, '633296', 0, 0, '2013-02-20 23:42:49', NULL, NULL, NULL, 0, '0', '0'),
(3630000824, NULL, '415378', 0, 0, '2013-02-20 23:42:49', NULL, NULL, NULL, 0, '0', '0'),
(3630000825, NULL, '386871', 0, 0, '2013-02-20 23:42:49', NULL, NULL, NULL, 0, '0', '0'),
(3630000826, NULL, '559893', 0, 0, '2013-02-20 23:42:49', NULL, NULL, NULL, 0, '0', '0'),
(3630000827, NULL, '037684', 0, 0, '2013-02-20 23:42:49', NULL, NULL, NULL, 0, '0', '0'),
(3630000828, NULL, '445915', 0, 0, '2013-02-20 23:42:49', NULL, NULL, NULL, 0, '0', '0'),
(3630000829, NULL, '532332', 0, 0, '2013-02-20 23:42:49', NULL, NULL, NULL, 0, '0', '0'),
(3630000830, NULL, '290482', 0, 0, '2013-02-20 23:42:49', NULL, NULL, NULL, 0, '0', '0'),
(3630000831, NULL, '969169', 0, 0, '2013-02-20 23:42:49', NULL, NULL, NULL, 0, '0', '0'),
(3630000832, NULL, '707465', 0, 0, '2013-02-20 23:42:49', NULL, NULL, NULL, 0, '0', '0'),
(3630000833, NULL, '896210', 0, 0, '2013-02-20 23:42:49', NULL, NULL, NULL, 0, '0', '0'),
(3630000834, NULL, '413827', 0, 0, '2013-02-20 23:42:49', NULL, NULL, NULL, 0, '0', '0'),
(3630000835, NULL, '440842', 0, 0, '2013-02-20 23:42:49', NULL, NULL, NULL, 0, '0', '0'),
(3630000836, NULL, '101008', 0, 0, '2013-02-20 23:42:49', NULL, NULL, NULL, 0, '0', '0'),
(3630000837, NULL, '694497', 0, 0, '2013-02-20 23:42:49', NULL, NULL, NULL, 0, '0', '0'),
(3630000838, NULL, '655573', 0, 0, '2013-02-20 23:42:49', NULL, NULL, NULL, 0, '0', '0'),
(3630000839, NULL, '622079', 0, 0, '2013-02-20 23:42:49', NULL, NULL, NULL, 0, '0', '0'),
(3630000840, NULL, '180340', 0, 0, '2013-02-20 23:42:49', NULL, NULL, NULL, 0, '0', '0'),
(3630000841, NULL, '163936', 0, 0, '2013-02-20 23:42:49', NULL, NULL, NULL, 0, '0', '0'),
(3630000842, NULL, '533592', 0, 0, '2013-02-20 23:42:49', NULL, NULL, NULL, 0, '0', '0'),
(3630000843, NULL, '734416', 0, 0, '2013-02-20 23:42:49', NULL, NULL, NULL, 0, '0', '0'),
(3630000844, NULL, '411993', 0, 0, '2013-02-20 23:42:49', NULL, NULL, NULL, 0, '0', '0'),
(3630000845, NULL, '480528', 0, 0, '2013-02-20 23:42:49', NULL, NULL, NULL, 0, '0', '0'),
(3630000846, NULL, '415624', 0, 0, '2013-02-20 23:42:49', NULL, NULL, NULL, 0, '0', '0'),
(3630000847, NULL, '367906', 0, 0, '2013-02-20 23:42:49', NULL, NULL, NULL, 0, '0', '0'),
(3630000848, NULL, '305830', 0, 0, '2013-02-20 23:42:49', NULL, NULL, NULL, 0, '0', '0'),
(3630000849, NULL, '352294', 0, 0, '2013-02-20 23:42:49', NULL, NULL, NULL, 0, '0', '0'),
(3630000850, NULL, '692379', 0, 0, '2013-02-20 23:42:49', NULL, NULL, NULL, 0, '0', '0'),
(3630000851, NULL, '243148', 0, 0, '2013-02-20 23:42:49', NULL, NULL, NULL, 0, '0', '0'),
(3630000852, NULL, '670773', 0, 0, '2013-02-20 23:42:49', NULL, NULL, NULL, 0, '0', '0'),
(3630000853, NULL, '749458', 0, 0, '2013-02-20 23:42:49', NULL, NULL, NULL, 0, '0', '0'),
(3630000854, NULL, '174855', 0, 0, '2013-02-20 23:42:49', NULL, NULL, NULL, 0, '0', '0'),
(3630000855, NULL, '421380', 0, 0, '2013-02-20 23:42:49', NULL, NULL, NULL, 0, '0', '0'),
(3630000856, NULL, '216742', 0, 0, '2013-02-20 23:42:49', NULL, NULL, NULL, 0, '0', '0'),
(3630000857, NULL, '312666', 0, 0, '2013-02-20 23:42:49', NULL, NULL, NULL, 0, '0', '0'),
(3630000858, NULL, '339896', 0, 0, '2013-02-20 23:42:49', NULL, NULL, NULL, 0, '0', '0'),
(3630000859, NULL, '151347', 0, 0, '2013-02-20 23:42:49', NULL, NULL, NULL, 0, '0', '0'),
(3630000860, NULL, '988478', 0, 0, '2013-02-20 23:42:49', NULL, NULL, NULL, 0, '0', '0'),
(3630000861, NULL, '595291', 0, 0, '2013-02-20 23:42:49', NULL, NULL, NULL, 0, '0', '0'),
(3630000862, NULL, '061046', 0, 0, '2013-02-20 23:42:49', NULL, NULL, NULL, 0, '0', '0'),
(3630000863, NULL, '384880', 0, 0, '2013-02-20 23:42:49', NULL, NULL, NULL, 0, '0', '0'),
(3630000864, NULL, '911963', 0, 0, '2013-02-20 23:42:49', NULL, NULL, NULL, 0, '0', '0'),
(3630000865, NULL, '651486', 0, 0, '2013-02-20 23:42:49', NULL, NULL, NULL, 0, '0', '0'),
(3630000866, NULL, '892322', 0, 0, '2013-02-20 23:42:49', NULL, NULL, NULL, 0, '0', '0'),
(3630000867, NULL, '307869', 0, 0, '2013-02-20 23:42:49', NULL, NULL, NULL, 0, '0', '0'),
(3630000868, NULL, '118124', 0, 0, '2013-02-20 23:42:49', NULL, NULL, NULL, 0, '0', '0'),
(3630000869, NULL, '782663', 0, 0, '2013-02-20 23:42:49', NULL, NULL, NULL, 0, '0', '0'),
(3630000870, NULL, '366083', 0, 0, '2013-02-20 23:42:49', NULL, NULL, NULL, 0, '0', '0'),
(3630000871, NULL, '764498', 0, 0, '2013-02-20 23:42:49', NULL, NULL, NULL, 0, '0', '0'),
(3630000872, NULL, '360026', 0, 0, '2013-02-20 23:42:49', NULL, NULL, NULL, 0, '0', '0'),
(3630000873, NULL, '355981', 0, 0, '2013-02-20 23:42:49', NULL, NULL, NULL, 0, '0', '0'),
(3630000874, NULL, '437409', 0, 0, '2013-02-20 23:42:49', NULL, NULL, NULL, 0, '0', '0'),
(3630000875, NULL, '140625', 0, 0, '2013-02-20 23:42:49', NULL, NULL, NULL, 0, '0', '0'),
(3630000876, NULL, '967329', 0, 0, '2013-02-20 23:42:49', NULL, NULL, NULL, 0, '0', '0'),
(3630000877, NULL, '363684', 0, 0, '2013-02-20 23:42:49', NULL, NULL, NULL, 0, '0', '0'),
(3630000878, NULL, '259103', 0, 0, '2013-02-20 23:42:49', NULL, NULL, NULL, 0, '0', '0'),
(3630000879, NULL, '229119', 0, 0, '2013-02-20 23:42:49', NULL, NULL, NULL, 0, '0', '0'),
(3630000880, NULL, '443017', 0, 0, '2013-02-20 23:42:49', NULL, NULL, NULL, 0, '0', '0'),
(3630000881, NULL, '797924', 0, 0, '2013-02-20 23:42:49', NULL, NULL, NULL, 0, '0', '0'),
(3630000882, NULL, '420580', 0, 0, '2013-02-20 23:42:49', NULL, NULL, NULL, 0, '0', '0'),
(3630000883, NULL, '221993', 0, 0, '2013-02-20 23:42:49', NULL, NULL, NULL, 0, '0', '0'),
(3630000884, NULL, '573898', 0, 0, '2013-02-20 23:42:49', NULL, NULL, NULL, 0, '0', '0'),
(3630000885, NULL, '916057', 0, 0, '2013-02-20 23:42:49', NULL, NULL, NULL, 0, '0', '0'),
(3630000886, NULL, '104700', 0, 0, '2013-02-20 23:42:49', NULL, NULL, NULL, 0, '0', '0'),
(3630000887, NULL, '560373', 0, 0, '2013-02-20 23:42:49', NULL, NULL, NULL, 0, '0', '0'),
(3630000888, NULL, '888915', 0, 0, '2013-02-20 23:42:49', NULL, NULL, NULL, 0, '0', '0'),
(3630000889, NULL, '606427', 0, 0, '2013-02-20 23:42:49', NULL, NULL, NULL, 0, '0', '0'),
(3630000890, NULL, '949490', 0, 0, '2013-02-20 23:42:49', NULL, NULL, NULL, 0, '0', '0'),
(3630000891, NULL, '496986', 0, 0, '2013-02-20 23:42:49', NULL, NULL, NULL, 0, '0', '0'),
(3630000892, NULL, '319562', 0, 0, '2013-02-20 23:42:49', NULL, NULL, NULL, 0, '0', '0'),
(3630000893, NULL, '376919', 0, 0, '2013-02-20 23:42:49', NULL, NULL, NULL, 0, '0', '0'),
(3630000894, NULL, '512236', 0, 0, '2013-02-20 23:42:49', NULL, NULL, NULL, 0, '0', '0'),
(3630000895, NULL, '868278', 0, 0, '2013-02-20 23:42:49', NULL, NULL, NULL, 0, '0', '0'),
(3630000896, NULL, '663158', 0, 0, '2013-02-20 23:42:49', NULL, NULL, NULL, 0, '0', '0'),
(3630000897, NULL, '361810', 0, 0, '2013-02-20 23:42:49', NULL, NULL, NULL, 0, '0', '0'),
(3630000898, NULL, '606211', 0, 0, '2013-02-20 23:42:49', NULL, NULL, NULL, 0, '0', '0'),
(3630000899, NULL, '892838', 0, 0, '2013-02-20 23:42:49', NULL, NULL, NULL, 0, '0', '0'),
(3630000900, NULL, '264675', 0, 0, '2013-02-20 23:42:49', NULL, NULL, NULL, 0, '0', '0'),
(3630000901, NULL, '823777', 0, 0, '2013-02-20 23:42:49', NULL, NULL, NULL, 0, '0', '0'),
(3630000902, NULL, '411042', 0, 0, '2013-02-20 23:42:49', NULL, NULL, NULL, 0, '0', '0'),
(3630000903, NULL, '587999', 0, 0, '2013-02-20 23:42:49', NULL, NULL, NULL, 0, '0', '0'),
(3630000904, NULL, '221664', 0, 0, '2013-02-20 23:42:49', NULL, NULL, NULL, 0, '0', '0'),
(3630000905, NULL, '871492', 0, 0, '2013-02-20 23:42:49', NULL, NULL, NULL, 0, '0', '0'),
(3630000906, NULL, '569785', 0, 0, '2013-02-20 23:42:49', NULL, NULL, NULL, 0, '0', '0'),
(3630000907, NULL, '345581', 0, 0, '2013-02-20 23:42:49', NULL, NULL, NULL, 0, '0', '0'),
(3630000908, NULL, '593872', 0, 0, '2013-02-20 23:42:49', NULL, NULL, NULL, 0, '0', '0'),
(3630000909, NULL, '205987', 0, 0, '2013-02-20 23:42:49', NULL, NULL, NULL, 0, '0', '0'),
(3630000910, NULL, '482426', 0, 0, '2013-02-20 23:42:49', NULL, NULL, NULL, 0, '0', '0'),
(3630000911, NULL, '154095', 0, 0, '2013-02-20 23:42:49', NULL, NULL, NULL, 0, '0', '0'),
(3630000912, NULL, '854824', 0, 0, '2013-02-20 23:42:49', NULL, NULL, NULL, 0, '0', '0'),
(3630000913, NULL, '689278', 0, 0, '2013-02-20 23:42:49', NULL, NULL, NULL, 0, '0', '0'),
(3630000914, NULL, '642641', 0, 0, '2013-02-20 23:42:49', NULL, NULL, NULL, 0, '0', '0'),
(3630000915, NULL, '773721', 0, 0, '2013-02-20 23:42:49', NULL, NULL, NULL, 0, '0', '0'),
(3630000916, NULL, '591257', 0, 0, '2013-02-20 23:42:49', NULL, NULL, NULL, 0, '0', '0'),
(3630000917, NULL, '232652', 0, 0, '2013-02-20 23:42:49', NULL, NULL, NULL, 0, '0', '0'),
(3630000918, NULL, '952093', 0, 0, '2013-02-20 23:42:49', NULL, NULL, NULL, 0, '0', '0'),
(3630000919, NULL, '243825', 0, 0, '2013-02-20 23:42:49', NULL, NULL, NULL, 0, '0', '0'),
(3630000920, NULL, '100082', 0, 0, '2013-02-20 23:42:49', NULL, NULL, NULL, 0, '0', '0'),
(3630000921, NULL, '184646', 0, 0, '2013-02-20 23:42:49', NULL, NULL, NULL, 0, '0', '0'),
(3630000922, NULL, '436344', 0, 0, '2013-02-20 23:42:49', NULL, NULL, NULL, 0, '0', '0'),
(3630000923, NULL, '424682', 0, 0, '2013-02-20 23:42:49', NULL, NULL, NULL, 0, '0', '0'),
(3630000924, NULL, '399458', 0, 0, '2013-02-20 23:42:49', NULL, NULL, NULL, 0, '0', '0');
INSERT INTO `mlm_serial` (`serial_id`, `serial_mid`, `serial_pin`, `serial_user_network_id`, `serial_buyer_network_id`, `serial_create_datetime`, `serial_active_datetime`, `serial_use_datetime`, `serial_buy_datetime`, `serial_active_by_admin_id`, `serial_is_active`, `serial_is_used`) VALUES
(3630000925, NULL, '799508', 0, 0, '2013-02-20 23:42:49', NULL, NULL, NULL, 0, '0', '0'),
(3630000926, NULL, '663158', 0, 0, '2013-02-20 23:42:49', NULL, NULL, NULL, 0, '0', '0'),
(3630000927, NULL, '279700', 0, 0, '2013-02-20 23:42:49', NULL, NULL, NULL, 0, '0', '0'),
(3630000928, NULL, '197869', 0, 0, '2013-02-20 23:42:49', NULL, NULL, NULL, 0, '0', '0'),
(3630000929, NULL, '725170', 0, 0, '2013-02-20 23:42:49', NULL, NULL, NULL, 0, '0', '0'),
(3630000930, NULL, '104373', 0, 0, '2013-02-20 23:42:49', NULL, NULL, NULL, 0, '0', '0'),
(3630000931, NULL, '355277', 0, 0, '2013-02-20 23:42:49', NULL, NULL, NULL, 0, '0', '0'),
(3630000932, NULL, '705608', 0, 0, '2013-02-20 23:42:49', NULL, NULL, NULL, 0, '0', '0'),
(3630000933, NULL, '071776', 0, 0, '2013-02-20 23:42:49', NULL, NULL, NULL, 0, '0', '0'),
(3630000934, NULL, '560032', 0, 0, '2013-02-20 23:42:49', NULL, NULL, NULL, 0, '0', '0'),
(3630000935, NULL, '789432', 0, 0, '2013-02-20 23:42:49', NULL, NULL, NULL, 0, '0', '0'),
(3630000936, NULL, '446983', 0, 0, '2013-02-20 23:42:49', NULL, NULL, NULL, 0, '0', '0'),
(3630000937, NULL, '390846', 0, 0, '2013-02-20 23:42:49', NULL, NULL, NULL, 0, '0', '0'),
(3630000938, NULL, '193870', 0, 0, '2013-02-20 23:42:49', NULL, NULL, NULL, 0, '0', '0'),
(3630000939, NULL, '522127', 0, 0, '2013-02-20 23:42:49', NULL, NULL, NULL, 0, '0', '0'),
(3630000940, NULL, '497296', 0, 0, '2013-02-20 23:42:49', NULL, NULL, NULL, 0, '0', '0'),
(3630000941, NULL, '724867', 0, 0, '2013-02-20 23:42:49', NULL, NULL, NULL, 0, '0', '0'),
(3630000942, NULL, '335018', 0, 0, '2013-02-20 23:42:49', NULL, NULL, NULL, 0, '0', '0'),
(3630000943, NULL, '646767', 0, 0, '2013-02-20 23:42:49', NULL, NULL, NULL, 0, '0', '0'),
(3630000944, NULL, '928866', 0, 0, '2013-02-20 23:42:49', NULL, NULL, NULL, 0, '0', '0'),
(3630000945, NULL, '644865', 0, 0, '2013-02-20 23:42:49', NULL, NULL, NULL, 0, '0', '0'),
(3630000946, NULL, '526130', 0, 0, '2013-02-20 23:42:49', NULL, NULL, NULL, 0, '0', '0'),
(3630000947, NULL, '947750', 0, 0, '2013-02-20 23:42:49', NULL, NULL, NULL, 0, '0', '0'),
(3630000948, NULL, '373717', 0, 0, '2013-02-20 23:42:49', NULL, NULL, NULL, 0, '0', '0'),
(3630000949, NULL, '595929', 0, 0, '2013-02-20 23:42:49', NULL, NULL, NULL, 0, '0', '0'),
(3630000950, NULL, '136146', 0, 0, '2013-02-20 23:42:49', NULL, NULL, NULL, 0, '0', '0'),
(3630000951, NULL, '842179', 0, 0, '2013-02-20 23:42:49', NULL, NULL, NULL, 0, '0', '0'),
(3630000952, NULL, '147865', 0, 0, '2013-02-20 23:42:49', NULL, NULL, NULL, 0, '0', '0'),
(3630000953, NULL, '721981', 0, 0, '2013-02-20 23:42:49', NULL, NULL, NULL, 0, '0', '0'),
(3630000954, NULL, '494425', 0, 0, '2013-02-20 23:42:49', NULL, NULL, NULL, 0, '0', '0'),
(3630000955, NULL, '917841', 0, 0, '2013-02-20 23:42:49', NULL, NULL, NULL, 0, '0', '0'),
(3630000956, NULL, '481089', 0, 0, '2013-02-20 23:42:49', NULL, NULL, NULL, 0, '0', '0'),
(3630000957, NULL, '257145', 0, 0, '2013-02-20 23:42:49', NULL, NULL, NULL, 0, '0', '0'),
(3630000958, NULL, '793332', 0, 0, '2013-02-20 23:42:49', NULL, NULL, NULL, 0, '0', '0'),
(3630000959, NULL, '991456', 0, 0, '2013-02-20 23:42:49', NULL, NULL, NULL, 0, '0', '0'),
(3630000960, NULL, '207523', 0, 0, '2013-02-20 23:42:49', NULL, NULL, NULL, 0, '0', '0'),
(3630000961, NULL, '384148', 0, 0, '2013-02-20 23:42:49', NULL, NULL, NULL, 0, '0', '0'),
(3630000962, NULL, '207929', 0, 0, '2013-02-20 23:42:49', NULL, NULL, NULL, 0, '0', '0'),
(3630000963, NULL, '345374', 0, 0, '2013-02-20 23:42:49', NULL, NULL, NULL, 0, '0', '0'),
(3630000964, NULL, '425088', 0, 0, '2013-02-20 23:42:49', NULL, NULL, NULL, 0, '0', '0'),
(3630000965, NULL, '945246', 0, 0, '2013-02-20 23:42:49', NULL, NULL, NULL, 0, '0', '0'),
(3630000966, NULL, '732933', 0, 0, '2013-02-20 23:42:49', NULL, NULL, NULL, 0, '0', '0'),
(3630000967, NULL, '207126', 0, 0, '2013-02-20 23:42:49', NULL, NULL, NULL, 0, '0', '0'),
(3630000968, NULL, '269842', 0, 0, '2013-02-20 23:42:49', NULL, NULL, NULL, 0, '0', '0'),
(3630000969, NULL, '172619', 0, 0, '2013-02-20 23:42:49', NULL, NULL, NULL, 0, '0', '0'),
(3630000970, NULL, '146458', 0, 0, '2013-02-20 23:42:49', NULL, NULL, NULL, 0, '0', '0'),
(3630000971, NULL, '792486', 0, 0, '2013-02-20 23:42:49', NULL, NULL, NULL, 0, '0', '0'),
(3630000972, NULL, '722202', 0, 0, '2013-02-20 23:42:49', NULL, NULL, NULL, 0, '0', '0'),
(3630000973, NULL, '147960', 0, 0, '2013-02-20 23:42:49', NULL, NULL, NULL, 0, '0', '0'),
(3630000974, NULL, '633868', 0, 0, '2013-02-20 23:42:49', NULL, NULL, NULL, 0, '0', '0'),
(3630000975, NULL, '870630', 0, 0, '2013-02-20 23:42:49', NULL, NULL, NULL, 0, '0', '0'),
(3630000976, NULL, '928009', 0, 0, '2013-02-20 23:42:49', NULL, NULL, NULL, 0, '0', '0'),
(3630000977, NULL, '266577', 0, 0, '2013-02-20 23:42:49', NULL, NULL, NULL, 0, '0', '0'),
(3630000978, NULL, '334240', 0, 0, '2013-02-20 23:42:49', NULL, NULL, NULL, 0, '0', '0'),
(3630000979, NULL, '582334', 0, 0, '2013-02-20 23:42:49', NULL, NULL, NULL, 0, '0', '0'),
(3630000980, NULL, '036757', 0, 0, '2013-02-20 23:42:49', NULL, NULL, NULL, 0, '0', '0'),
(3630000981, NULL, '496986', 0, 0, '2013-02-20 23:42:49', NULL, NULL, NULL, 0, '0', '0'),
(3630000982, NULL, '871436', 0, 0, '2013-02-20 23:42:49', NULL, NULL, NULL, 0, '0', '0'),
(3630000983, NULL, '272319', 0, 0, '2013-02-20 23:42:49', NULL, NULL, NULL, 0, '0', '0'),
(3630000984, NULL, '305984', 0, 0, '2013-02-20 23:42:49', NULL, NULL, NULL, 0, '0', '0'),
(3630000985, NULL, '532575', 0, 0, '2013-02-20 23:42:49', NULL, NULL, NULL, 0, '0', '0'),
(3630000986, NULL, '207782', 0, 0, '2013-02-20 23:42:49', NULL, NULL, NULL, 0, '0', '0'),
(3630000987, NULL, '692984', 0, 0, '2013-02-20 23:42:49', NULL, NULL, NULL, 0, '0', '0'),
(3630000988, NULL, '819927', 0, 0, '2013-02-20 23:42:49', NULL, NULL, NULL, 0, '0', '0'),
(3630000989, NULL, '412946', 0, 0, '2013-02-20 23:42:49', NULL, NULL, NULL, 0, '0', '0'),
(3630000990, NULL, '893652', 0, 0, '2013-02-20 23:42:49', NULL, NULL, NULL, 0, '0', '0'),
(3630000991, NULL, '211981', 0, 0, '2013-02-20 23:42:49', NULL, NULL, NULL, 0, '0', '0'),
(3630000992, NULL, '018888', 0, 0, '2013-02-20 23:42:49', NULL, NULL, NULL, 0, '0', '0'),
(3630000993, NULL, '626007', 0, 0, '2013-02-20 23:42:49', NULL, NULL, NULL, 0, '0', '0'),
(3630000994, NULL, '099006', 0, 0, '2013-02-20 23:42:49', NULL, NULL, NULL, 0, '0', '0'),
(3630000995, NULL, '577856', 0, 0, '2013-02-20 23:42:49', NULL, NULL, NULL, 0, '0', '0'),
(3630000996, NULL, '705449', 0, 0, '2013-02-20 23:42:49', NULL, NULL, NULL, 0, '0', '0'),
(3630000997, NULL, '306224', 0, 0, '2013-02-20 23:42:49', NULL, NULL, NULL, 0, '0', '0'),
(3630000998, NULL, '563424', 0, 0, '2013-02-20 23:42:49', NULL, NULL, NULL, 0, '0', '0'),
(3630000999, NULL, '204914', 0, 0, '2013-02-20 23:42:49', NULL, NULL, NULL, 0, '0', '0'),
(3630001000, NULL, '466477', 0, 0, '2013-02-20 23:42:49', NULL, NULL, NULL, 0, '0', '0'),
(3630001001, NULL, '432442', 0, 0, '2013-02-20 23:42:49', NULL, NULL, NULL, 0, '0', '0'),
(3630001002, NULL, '473898', 0, 0, '2013-02-20 23:42:49', NULL, NULL, NULL, 0, '0', '0'),
(3630001003, NULL, '530220', 0, 0, '2013-02-20 23:42:49', NULL, NULL, NULL, 0, '0', '0'),
(3630001004, NULL, '222565', 0, 0, '2013-02-20 23:42:49', NULL, NULL, NULL, 0, '0', '0'),
(3630001005, NULL, '171333', 0, 0, '2013-02-20 23:42:49', NULL, NULL, NULL, 0, '0', '0'),
(3630001006, NULL, '688032', 0, 0, '2013-02-20 23:42:49', NULL, NULL, NULL, 0, '0', '0'),
(3630001007, NULL, '757493', 0, 0, '2013-02-20 23:42:49', NULL, NULL, NULL, 0, '0', '0'),
(3630001008, NULL, '315608', 0, 0, '2013-02-20 23:42:49', NULL, NULL, NULL, 0, '0', '0'),
(3630001009, NULL, '731965', 0, 0, '2013-02-20 23:42:49', NULL, NULL, NULL, 0, '0', '0'),
(3630001010, NULL, '245272', 0, 0, '2013-02-20 23:42:49', NULL, NULL, NULL, 0, '0', '0'),
(3630001011, NULL, '913652', 0, 0, '2013-02-20 23:42:49', NULL, NULL, NULL, 0, '0', '0'),
(3630001012, NULL, '683424', 0, 0, '2013-02-20 23:42:49', NULL, NULL, NULL, 0, '0', '0'),
(3630001013, NULL, '641905', 0, 0, '2013-02-20 23:42:49', NULL, NULL, NULL, 0, '0', '0'),
(3630001014, NULL, '615637', 0, 0, '2013-02-20 23:42:49', NULL, NULL, NULL, 0, '0', '0'),
(3630001015, NULL, '312692', 0, 0, '2013-02-20 23:42:49', NULL, NULL, NULL, 0, '0', '0'),
(3630001016, NULL, '900588', 0, 0, '2013-02-20 23:42:49', NULL, NULL, NULL, 0, '0', '0'),
(3630001017, NULL, '866909', 0, 0, '2013-02-20 23:42:49', NULL, NULL, NULL, 0, '0', '0'),
(3630001018, NULL, '946454', 0, 0, '2013-02-20 23:42:49', NULL, NULL, NULL, 0, '0', '0'),
(3630001019, NULL, '929750', 0, 0, '2013-02-20 23:42:49', NULL, NULL, NULL, 0, '0', '0'),
(3630001020, NULL, '372228', 0, 0, '2013-02-20 23:42:49', NULL, NULL, NULL, 0, '0', '0'),
(3630001021, NULL, '550835', 0, 0, '2013-02-20 23:42:49', NULL, NULL, NULL, 0, '0', '0'),
(3630001022, NULL, '799806', 0, 0, '2013-02-20 23:42:49', NULL, NULL, NULL, 0, '0', '0'),
(3630001023, NULL, '245645', 0, 0, '2013-02-20 23:42:49', NULL, NULL, NULL, 0, '0', '0'),
(3630001024, NULL, '940098', 0, 0, '2013-02-20 23:42:49', NULL, NULL, NULL, 0, '0', '0'),
(3630001025, NULL, '913281', 0, 0, '2013-02-20 23:42:49', NULL, NULL, NULL, 0, '0', '0'),
(3630001026, NULL, '727970', 0, 0, '2013-02-20 23:42:49', NULL, NULL, NULL, 0, '0', '0'),
(3630001027, NULL, '105043', 0, 0, '2013-02-20 23:42:49', NULL, NULL, NULL, 0, '0', '0'),
(3630001028, NULL, '499406', 0, 0, '2013-02-20 23:42:49', NULL, NULL, NULL, 0, '0', '0'),
(3630001029, NULL, '125218', 0, 0, '2013-02-20 23:42:49', NULL, NULL, NULL, 0, '0', '0'),
(3630001030, NULL, '424762', 0, 0, '2013-02-20 23:42:49', NULL, NULL, NULL, 0, '0', '0'),
(3630001031, NULL, '917729', 0, 0, '2013-02-20 23:42:49', NULL, NULL, NULL, 0, '0', '0'),
(3630001032, NULL, '096743', 0, 0, '2013-02-20 23:42:49', NULL, NULL, NULL, 0, '0', '0'),
(3630001033, NULL, '139573', 0, 0, '2013-02-20 23:42:49', NULL, NULL, NULL, 0, '0', '0'),
(3630001034, NULL, '541828', 0, 0, '2013-02-20 23:42:49', NULL, NULL, NULL, 0, '0', '0'),
(3630001035, NULL, '686941', 0, 0, '2013-02-20 23:42:49', NULL, NULL, NULL, 0, '0', '0'),
(3630001036, NULL, '566403', 0, 0, '2013-02-20 23:42:49', NULL, NULL, NULL, 0, '0', '0'),
(3630001037, NULL, '918460', 0, 0, '2013-02-20 23:42:49', NULL, NULL, NULL, 0, '0', '0'),
(3630001038, NULL, '184545', 0, 0, '2013-02-20 23:42:49', NULL, NULL, NULL, 0, '0', '0'),
(3630001039, NULL, '688716', 0, 0, '2013-02-20 23:42:49', NULL, NULL, NULL, 0, '0', '0'),
(3630001040, NULL, '614048', 0, 0, '2013-02-20 23:42:49', NULL, NULL, NULL, 0, '0', '0'),
(3630001041, NULL, '490845', 0, 0, '2013-02-20 23:42:49', NULL, NULL, NULL, 0, '0', '0'),
(3630001042, NULL, '580164', 0, 0, '2013-02-20 23:42:49', NULL, NULL, NULL, 0, '0', '0'),
(3630001043, NULL, '238173', 0, 0, '2013-02-20 23:42:49', NULL, NULL, NULL, 0, '0', '0'),
(3630001044, NULL, '695616', 0, 0, '2013-02-20 23:42:49', NULL, NULL, NULL, 0, '0', '0'),
(3630001045, NULL, '679248', 0, 0, '2013-02-20 23:42:49', NULL, NULL, NULL, 0, '0', '0'),
(3630001046, NULL, '016133', 0, 0, '2013-02-20 23:42:49', NULL, NULL, NULL, 0, '0', '0'),
(3630001047, NULL, '523756', 0, 0, '2013-02-20 23:42:49', NULL, NULL, NULL, 0, '0', '0'),
(3630001048, NULL, '274512', 0, 0, '2013-02-20 23:42:49', NULL, NULL, NULL, 0, '0', '0'),
(3630001049, NULL, '741620', 0, 0, '2013-02-20 23:42:49', NULL, NULL, NULL, 0, '0', '0'),
(3630001050, NULL, '965823', 0, 0, '2013-02-20 23:42:49', NULL, NULL, NULL, 0, '0', '0'),
(3630001051, NULL, '502587', 0, 0, '2013-02-20 23:42:49', NULL, NULL, NULL, 0, '0', '0'),
(3630001052, NULL, '426248', 0, 0, '2013-02-20 23:42:49', NULL, NULL, NULL, 0, '0', '0'),
(3630001053, NULL, '875237', 0, 0, '2013-02-20 23:42:49', NULL, NULL, NULL, 0, '0', '0'),
(3630001054, NULL, '440371', 0, 0, '2013-02-20 23:42:49', NULL, NULL, NULL, 0, '0', '0'),
(3630001055, NULL, '205588', 0, 0, '2013-02-20 23:42:49', NULL, NULL, NULL, 0, '0', '0'),
(3630001056, NULL, '844036', 0, 0, '2013-02-20 23:42:49', NULL, NULL, NULL, 0, '0', '0'),
(3630001057, NULL, '245716', 0, 0, '2013-02-20 23:42:49', NULL, NULL, NULL, 0, '0', '0'),
(3630001058, NULL, '387638', 0, 0, '2013-02-20 23:42:49', NULL, NULL, NULL, 0, '0', '0'),
(3630001059, NULL, '476994', 0, 0, '2013-02-20 23:42:49', NULL, NULL, NULL, 0, '0', '0'),
(3630001060, NULL, '963488', 0, 0, '2013-02-20 23:42:49', NULL, NULL, NULL, 0, '0', '0'),
(3630001061, NULL, '213462', 0, 0, '2013-02-20 23:42:49', NULL, NULL, NULL, 0, '0', '0'),
(3630001062, NULL, '494472', 0, 0, '2013-02-20 23:42:49', NULL, NULL, NULL, 0, '0', '0'),
(3630001063, NULL, '713183', 0, 0, '2013-02-20 23:42:49', NULL, NULL, NULL, 0, '0', '0'),
(3630001064, NULL, '323239', 0, 0, '2013-02-20 23:42:49', NULL, NULL, NULL, 0, '0', '0'),
(3630001065, NULL, '989595', 0, 0, '2013-02-20 23:42:49', NULL, NULL, NULL, 0, '0', '0'),
(3630001066, NULL, '362607', 0, 0, '2013-02-20 23:42:49', NULL, NULL, NULL, 0, '0', '0'),
(3630001067, NULL, '886320', 0, 0, '2013-02-20 23:42:49', NULL, NULL, NULL, 0, '0', '0'),
(3630001068, NULL, '149732', 0, 0, '2013-02-20 23:42:49', NULL, NULL, NULL, 0, '0', '0'),
(3630001069, NULL, '130953', 0, 0, '2013-02-20 23:42:49', NULL, NULL, NULL, 0, '0', '0'),
(3630001070, NULL, '550018', 0, 0, '2013-02-20 23:42:49', NULL, NULL, NULL, 0, '0', '0'),
(3630001071, NULL, '521131', 0, 0, '2013-02-20 23:42:49', NULL, NULL, NULL, 0, '0', '0'),
(3630001072, NULL, '089455', 0, 0, '2013-02-20 23:42:49', NULL, NULL, NULL, 0, '0', '0'),
(3630001073, NULL, '559206', 0, 0, '2013-02-20 23:42:49', NULL, NULL, NULL, 0, '0', '0'),
(3630001074, NULL, '787536', 0, 0, '2013-02-20 23:42:49', NULL, NULL, NULL, 0, '0', '0'),
(3630001075, NULL, '089627', 0, 0, '2013-02-20 23:42:49', NULL, NULL, NULL, 0, '0', '0'),
(3630001076, NULL, '980304', 0, 0, '2013-02-20 23:42:49', NULL, NULL, NULL, 0, '0', '0'),
(3630001077, NULL, '530884', 0, 0, '2013-02-20 23:42:49', NULL, NULL, NULL, 0, '0', '0'),
(3630001078, NULL, '687736', 0, 0, '2013-02-20 23:42:49', NULL, NULL, NULL, 0, '0', '0'),
(3630001079, NULL, '565333', 0, 0, '2013-02-20 23:42:49', NULL, NULL, NULL, 0, '0', '0'),
(3630001080, NULL, '192075', 0, 0, '2013-02-20 23:42:49', NULL, NULL, NULL, 0, '0', '0'),
(3630001081, NULL, '246408', 0, 0, '2013-02-20 23:42:49', NULL, NULL, NULL, 0, '0', '0'),
(3630001082, NULL, '657740', 0, 0, '2013-02-20 23:42:49', NULL, NULL, NULL, 0, '0', '0'),
(3630001083, NULL, '890353', 0, 0, '2013-02-20 23:42:49', NULL, NULL, NULL, 0, '0', '0'),
(3630001084, NULL, '732617', 0, 0, '2013-02-20 23:42:49', NULL, NULL, NULL, 0, '0', '0'),
(3630001085, NULL, '007819', 0, 0, '2013-02-20 23:42:49', NULL, NULL, NULL, 0, '0', '0'),
(3630001086, NULL, '979985', 0, 0, '2013-02-20 23:42:49', NULL, NULL, NULL, 0, '0', '0'),
(3630001087, NULL, '936125', 0, 0, '2013-02-20 23:42:49', NULL, NULL, NULL, 0, '0', '0'),
(3630001088, NULL, '236233', 0, 0, '2013-02-20 23:42:49', NULL, NULL, NULL, 0, '0', '0'),
(3630001089, NULL, '517225', 0, 0, '2013-02-20 23:42:49', NULL, NULL, NULL, 0, '0', '0'),
(3630001090, NULL, '404446', 0, 0, '2013-02-20 23:42:49', NULL, NULL, NULL, 0, '0', '0'),
(3630001091, NULL, '238799', 0, 0, '2013-02-20 23:42:49', NULL, NULL, NULL, 0, '0', '0'),
(3630001092, NULL, '648368', 0, 0, '2013-02-20 23:42:49', NULL, NULL, NULL, 0, '0', '0'),
(3630001093, NULL, '855360', 0, 0, '2013-02-20 23:42:49', NULL, NULL, NULL, 0, '0', '0'),
(3630001094, NULL, '196119', 0, 0, '2013-02-20 23:42:49', NULL, NULL, NULL, 0, '0', '0'),
(3630001095, NULL, '045274', 0, 0, '2013-02-20 23:42:49', NULL, NULL, NULL, 0, '0', '0'),
(3630001096, NULL, '904817', 0, 0, '2013-02-20 23:42:49', NULL, NULL, NULL, 0, '0', '0'),
(3630001097, NULL, '949044', 0, 0, '2013-02-20 23:42:49', NULL, NULL, NULL, 0, '0', '0'),
(3630001098, NULL, '270980', 0, 0, '2013-02-20 23:42:49', NULL, NULL, NULL, 0, '0', '0'),
(3630001099, NULL, '500131', 0, 0, '2013-02-20 23:42:49', NULL, NULL, NULL, 0, '0', '0'),
(3630001100, NULL, '582268', 0, 0, '2013-02-20 23:42:49', NULL, NULL, NULL, 0, '0', '0'),
(3630001101, NULL, '435204', 0, 0, '2013-02-20 23:43:56', NULL, NULL, NULL, 0, '0', '0'),
(3630001102, NULL, '254557', 0, 0, '2013-02-20 23:43:56', NULL, NULL, NULL, 0, '0', '0'),
(3630001103, NULL, '622463', 0, 0, '2013-02-20 23:43:56', NULL, NULL, NULL, 0, '0', '0'),
(3630001104, NULL, '864818', 0, 0, '2013-02-20 23:43:56', NULL, NULL, NULL, 0, '0', '0'),
(3630001105, NULL, '498164', 0, 0, '2013-02-20 23:43:56', NULL, NULL, NULL, 0, '0', '0'),
(3630001106, NULL, '471358', 0, 0, '2013-02-20 23:43:56', NULL, NULL, NULL, 0, '0', '0'),
(3630001107, NULL, '281920', 0, 0, '2013-02-20 23:43:56', NULL, NULL, NULL, 0, '0', '0'),
(3630001108, NULL, '836512', 0, 0, '2013-02-20 23:43:56', NULL, NULL, NULL, 0, '0', '0'),
(3630001109, NULL, '418291', 0, 0, '2013-02-20 23:43:56', NULL, NULL, NULL, 0, '0', '0'),
(3630001110, NULL, '294878', 0, 0, '2013-02-20 23:43:56', NULL, NULL, NULL, 0, '0', '0'),
(3630001111, NULL, '368965', 0, 0, '2013-02-20 23:43:56', NULL, NULL, NULL, 0, '0', '0'),
(3630001112, NULL, '744006', 0, 0, '2013-02-20 23:43:56', NULL, NULL, NULL, 0, '0', '0'),
(3630001113, NULL, '511523', 0, 0, '2013-02-20 23:43:56', NULL, NULL, NULL, 0, '0', '0'),
(3630001114, NULL, '834612', 0, 0, '2013-02-20 23:43:56', NULL, NULL, NULL, 0, '0', '0'),
(3630001115, NULL, '976440', 0, 0, '2013-02-20 23:43:56', NULL, NULL, NULL, 0, '0', '0'),
(3630001116, NULL, '798889', 0, 0, '2013-02-20 23:43:56', NULL, NULL, NULL, 0, '0', '0'),
(3630001117, NULL, '028289', 0, 0, '2013-02-20 23:43:56', NULL, NULL, NULL, 0, '0', '0'),
(3630001118, NULL, '577528', 0, 0, '2013-02-20 23:43:56', NULL, NULL, NULL, 0, '0', '0'),
(3630001119, NULL, '788951', 0, 0, '2013-02-20 23:43:56', NULL, NULL, NULL, 0, '0', '0'),
(3630001120, NULL, '615933', 0, 0, '2013-02-20 23:43:56', NULL, NULL, NULL, 0, '0', '0'),
(3630001121, NULL, '277326', 0, 0, '2013-02-20 23:44:35', NULL, NULL, NULL, 0, '0', '0'),
(3630001122, NULL, '285112', 0, 0, '2013-02-20 23:44:35', NULL, NULL, NULL, 0, '0', '0'),
(3630001123, NULL, '800597', 0, 0, '2013-02-20 23:44:35', NULL, NULL, NULL, 0, '0', '0'),
(3630001124, NULL, '710322', 0, 0, '2013-02-20 23:44:35', NULL, NULL, NULL, 0, '0', '0'),
(3630001125, NULL, '423519', 0, 0, '2013-02-20 23:44:35', NULL, NULL, NULL, 0, '0', '0'),
(3630001126, NULL, '860164', 0, 0, '2013-02-20 23:44:35', NULL, NULL, NULL, 0, '0', '0'),
(3630001127, NULL, '778172', 0, 0, '2013-02-20 23:44:35', NULL, NULL, NULL, 0, '0', '0'),
(3630001128, NULL, '049697', 0, 0, '2013-02-20 23:44:35', NULL, NULL, NULL, 0, '0', '0'),
(3630001129, NULL, '904277', 0, 0, '2013-02-20 23:44:35', NULL, NULL, NULL, 0, '0', '0'),
(3630001130, NULL, '841548', 0, 0, '2013-02-20 23:44:35', NULL, NULL, NULL, 0, '0', '0'),
(3630001131, NULL, '466565', 0, 0, '2013-02-20 23:44:35', NULL, NULL, NULL, 0, '0', '0'),
(3630001132, NULL, '165297', 0, 0, '2013-02-20 23:44:35', NULL, NULL, NULL, 0, '0', '0'),
(3630001133, NULL, '995760', 0, 0, '2013-02-21 10:11:01', NULL, NULL, NULL, 0, '0', '0'),
(3630001134, NULL, '126181', 0, 0, '2013-02-21 10:11:01', NULL, NULL, NULL, 0, '0', '0'),
(3630001135, NULL, '449123', 0, 0, '2013-02-21 10:11:01', NULL, NULL, NULL, 0, '0', '0'),
(3630001136, NULL, '840920', 0, 0, '2013-02-21 10:11:01', NULL, NULL, NULL, 0, '0', '0'),
(3630001137, NULL, '843928', 0, 0, '2013-02-21 10:11:01', NULL, NULL, NULL, 0, '0', '0'),
(3630001138, NULL, '768286', 0, 0, '2013-02-21 10:11:01', NULL, NULL, NULL, 0, '0', '0'),
(3630001139, NULL, '600973', 0, 0, '2013-02-21 10:11:01', NULL, NULL, NULL, 0, '0', '0'),
(3630001140, NULL, '138797', 0, 0, '2013-02-21 10:11:01', NULL, NULL, NULL, 0, '0', '0'),
(3630001141, NULL, '435522', 0, 0, '2013-02-21 10:11:01', NULL, NULL, NULL, 0, '0', '0'),
(3630001142, NULL, '598931', 0, 0, '2013-02-21 10:11:01', NULL, NULL, NULL, 0, '0', '0'),
(3630001143, NULL, '170522', 0, 0, '2013-02-21 10:11:38', NULL, NULL, NULL, 0, '0', '0'),
(3630001144, NULL, '018103', 0, 0, '2013-02-21 10:11:38', NULL, NULL, NULL, 0, '0', '0'),
(3630001145, NULL, '767847', 0, 0, '2013-02-21 10:11:38', NULL, NULL, NULL, 0, '0', '0'),
(3630001146, NULL, '682805', 0, 0, '2013-02-21 10:11:38', NULL, NULL, NULL, 0, '0', '0'),
(3630001147, NULL, '153813', 0, 0, '2013-02-21 10:11:38', NULL, NULL, NULL, 0, '0', '0'),
(3630001148, NULL, '779071', 0, 0, '2013-02-21 10:12:05', NULL, NULL, NULL, 0, '0', '0'),
(3630001149, NULL, '585311', 0, 0, '2013-02-21 10:12:05', NULL, NULL, NULL, 0, '0', '0');

-- --------------------------------------------------------

--
-- Table structure for table `ref_area`
--

CREATE TABLE IF NOT EXISTS `ref_area` (
  `area_id` int(10) unsigned NOT NULL AUTO_INCREMENT,
  `area_par_id` int(10) unsigned NOT NULL DEFAULT '0',
  `area_name` varchar(50) DEFAULT NULL,
  `area_latitude` varchar(25) DEFAULT NULL,
  `area_longitude` varchar(25) DEFAULT NULL,
  PRIMARY KEY (`area_id`)
) ENGINE=MyISAM  DEFAULT CHARSET=latin1 COMMENT='tabel untuk menyimpan referensi data wilayah' AUTO_INCREMENT=533 ;

--
-- Dumping data for table `ref_area`
--

INSERT INTO `ref_area` (`area_id`, `area_par_id`, `area_name`, `area_latitude`, `area_longitude`) VALUES
(1, 0, 'Nanggroe Aceh Darussalam', '', ''),
(2, 0, 'Sumatera Utara', '', ''),
(3, 0, 'Sumatera Barat', '', ''),
(4, 0, 'Bengkulu', '', ''),
(5, 0, 'Riau', '', ''),
(6, 0, 'Kepulauan Riau', '', ''),
(7, 0, 'Jambi', '', ''),
(8, 0, 'Sumatera Selatan', '', ''),
(9, 0, 'Lampung', '', ''),
(10, 0, 'Kepulauan Bangka Belitung', '', ''),
(11, 0, 'DKI Jakarta', '', ''),
(12, 0, 'Jawa Barat', '', ''),
(13, 0, 'Banten', '', ''),
(14, 0, 'Jawa Tengah', '', ''),
(15, 0, 'DI Yogyakarta', '', ''),
(16, 0, 'Jawa Timur', '', ''),
(17, 0, 'Kalimantan Barat', '', ''),
(18, 0, 'Kalimantan Tengah', '', ''),
(19, 0, 'Kalimantan Selatan', '', ''),
(20, 0, 'Kalimantan Timur', '', ''),
(21, 0, 'Bali', '', ''),
(22, 0, 'Nusa Tenggara Barat', '', ''),
(23, 0, 'Nusa Tenggara Timur', '', ''),
(24, 0, 'Sulawesi Barat', '', ''),
(25, 0, 'Sulawesi Utara', '', ''),
(26, 0, 'Sulawesi Tengah', '', ''),
(27, 0, 'Sulawesi Selatan', '', ''),
(28, 0, 'Sulawesi Tenggara', '', ''),
(29, 0, 'Gorontalo', '', ''),
(30, 0, 'Maluku', '', ''),
(31, 0, 'Maluku Utara', '', ''),
(32, 0, 'Papua', '', ''),
(33, 0, 'Papua Barat', '', ''),
(34, 1, 'Kabupaten Aceh Barat', '', ''),
(35, 1, 'Kabupaten Aceh Barat Daya', '', ''),
(36, 1, 'Kabupaten Aceh Besar', '', ''),
(37, 1, 'Kabupaten Aceh Jaya', '', ''),
(38, 1, 'Kabupaten Aceh Selatan', '', ''),
(39, 1, 'Kabupaten Aceh Singkil', '', ''),
(40, 1, 'Kabupaten Aceh Tamiang', '', ''),
(41, 1, 'Kabupaten Aceh Tengah', '', ''),
(42, 1, 'Kabupaten Aceh Tenggara', '', ''),
(43, 1, 'Kabupaten Aceh Timur', '', ''),
(44, 1, 'Kabupaten Aceh Utara', '', ''),
(45, 1, 'Kabupaten Bener Meriah', '', ''),
(46, 1, 'Kabupaten Bireuen', '', ''),
(47, 1, 'Kabupaten Gayo Lues', '', ''),
(48, 1, 'Kabupaten Nagan Raya', '', ''),
(49, 1, 'Kabupaten Pidie', '', ''),
(50, 1, 'Kabupaten Pidie Jaya', '', ''),
(51, 1, 'Kabupaten Simeulue', '', ''),
(52, 1, 'Kota Banda Aceh', '', ''),
(53, 1, 'Kota Langsa', '', ''),
(54, 1, 'Kota Lhokseumawe', '', ''),
(55, 1, 'Kota Sabang', '', ''),
(56, 1, 'Kota Subulussalam', '', ''),
(57, 2, 'Kabupaten Asahan', '', ''),
(58, 2, 'Kabupaten Batu Bara', '', ''),
(59, 2, 'Kabupaten Dairi', '', ''),
(60, 2, 'Kabupaten Deli Serdang', '', ''),
(61, 2, 'Kabupaten Humbang Hasundutan', '', ''),
(62, 2, 'Kabupaten Karo', '', ''),
(63, 2, 'Kabupaten Labuhanbatu', '', ''),
(64, 2, 'Kabupaten Labuhanbatu Selatan', '', ''),
(65, 2, 'Kabupaten Labuhanbatu Utara', '', ''),
(66, 2, 'Kabupaten Langkat', '', ''),
(67, 2, 'Kabupaten Mandailing Natal', '', ''),
(68, 2, 'Kabupaten Nias', '', ''),
(69, 2, 'Kabupaten Nias Barat', '', ''),
(70, 2, 'Kabupaten Nias Selatan', '', ''),
(71, 2, 'Kabupaten Nias Utara', '', ''),
(72, 2, 'Kabupaten Padang Lawas', '', ''),
(73, 2, 'Kabupaten Padang Lawas Utara', '', ''),
(74, 2, 'Kabupaten Pakpak Bharat', '', ''),
(75, 2, 'Kabupaten Samosir', '', ''),
(76, 2, 'Kabupaten Serdang Bedagai', '', ''),
(77, 2, 'Kabupaten Simalungun', '', ''),
(78, 2, 'Kabupaten Tapanuli Selatan', '', ''),
(79, 2, 'Kabupaten Tapanuli Tengah', '', ''),
(80, 2, 'Kabupaten Tapanuli Utara', '', ''),
(81, 2, 'Kabupaten Toba Samosir', '', ''),
(82, 2, 'Kota Binjai', '', ''),
(83, 2, 'Kota Gunung Sitoli', '', ''),
(84, 2, 'Kota Medan', '', ''),
(85, 2, 'Kota Padang Sidempuan', '', ''),
(86, 2, 'Kota Pematangsiantar', '', ''),
(87, 2, 'Kota Sibolga', '', ''),
(88, 2, 'Kota Tanjung Balai', '', ''),
(89, 2, 'Kota Tebing Tinggi', '', ''),
(90, 3, 'Kabupaten Agam', '', ''),
(91, 3, 'Kabupaten Dharmasraya', '', ''),
(92, 3, 'Kabupaten Kepulauan Mentawai', '', ''),
(93, 3, 'Kabupaten Lima Puluh Kota', '', ''),
(94, 3, 'Kabupaten Padang Pariaman', '', ''),
(95, 3, 'Kabupaten Pasaman', '', ''),
(96, 3, 'Kabupaten Pasaman Barat', '', ''),
(97, 3, 'Kabupaten Pesisir Selatan', '', ''),
(98, 3, 'Kabupaten Sijunjung', '', ''),
(99, 3, 'Kabupaten Solok', '', ''),
(100, 3, 'Kabupaten Solok Selatan', '', ''),
(101, 3, 'Kabupaten Tanah Datar', '', ''),
(102, 3, 'Kota Bukittinggi', '', ''),
(103, 3, 'Kota Padang', '', ''),
(104, 3, 'Kota Padangpanjang', '', ''),
(105, 3, 'Kota Pariaman', '', ''),
(106, 3, 'Kota Payakumbuh', '', ''),
(107, 3, 'Kota Sawahlunto', '', ''),
(108, 3, 'Kota Solok', '', ''),
(109, 4, 'Kabupaten Bengkulu Selatan', '', ''),
(110, 4, 'Kabupaten Bengkulu Tengah', '', ''),
(111, 4, 'Kabupaten Bengkulu Utara', '', ''),
(112, 4, 'Kabupaten Kaur', '', ''),
(113, 4, 'Kabupaten Kepahiang', '', ''),
(114, 4, 'Kabupaten Lebong', '', ''),
(115, 4, 'Kabupaten Mukomuko', '', ''),
(116, 4, 'Kabupaten Rejang Lebong', '', ''),
(117, 4, 'Kabupaten Seluma', '', ''),
(118, 4, 'Kota Bengkulu', '', ''),
(119, 5, 'Kabupaten Bengkalis', '', ''),
(120, 5, 'Kabupaten Indragiri Hilir', '', ''),
(121, 5, 'Kabupaten Indragiri Hulu', '', ''),
(122, 5, 'Kabupaten Kampar', '', ''),
(123, 5, 'Kabupaten Kuantan Singingi', '', ''),
(124, 5, 'Kabupaten Pelalawan', '', ''),
(125, 5, 'Kabupaten Rokan Hilir', '', ''),
(126, 5, 'Kabupaten Rokan Hulu', '', ''),
(127, 5, 'Kabupaten Siak', '', ''),
(128, 5, 'Kota Pekanbaru', '', ''),
(129, 5, 'Kota Dumai', '', ''),
(130, 5, 'Kabupaten Kepulauan Meranti', '', ''),
(131, 6, 'Kabupaten Bintan', '', ''),
(132, 6, 'Kabupaten Karimun', '', ''),
(133, 6, 'Kabupaten Kepulauan Anambas', '', ''),
(134, 6, 'Kabupaten Lingga', '', ''),
(135, 6, 'Kabupaten Natuna', '', ''),
(136, 6, 'Kota Batam', '', ''),
(137, 6, 'Kota Tanjung Pinang', '', ''),
(138, 7, 'Kabupaten Batang Hari', '', ''),
(139, 7, 'Kabupaten Bungo', '', ''),
(140, 7, 'Kabupaten Kerinci', '', ''),
(141, 7, 'Kabupaten Merangin', '', ''),
(142, 7, 'Kabupaten Muaro Jambi', '', ''),
(143, 7, 'Kabupaten Sarolangun', '', ''),
(144, 7, 'Kabupaten Tanjung Jabung Barat', '', ''),
(145, 7, 'Kabupaten Tanjung Jabung Timur', '', ''),
(146, 7, 'Kabupaten Tebo', '', ''),
(147, 7, 'Kota Jambi', '', ''),
(148, 7, 'Kota Sungai Penuh', '', ''),
(149, 8, 'Kabupaten Banyuasin', '', ''),
(150, 8, 'Kabupaten Empat Lawang', '', ''),
(151, 8, 'Kabupaten Lahat', '', ''),
(152, 8, 'Kabupaten Muara Enim', '', ''),
(153, 8, 'Kabupaten Musi Banyuasin', '', ''),
(154, 8, 'Kabupaten Musi Rawas', '', ''),
(155, 8, 'Kabupaten Ogan Ilir', '', ''),
(156, 8, 'Kabupaten Ogan Komering Ilir', '', ''),
(157, 8, 'Kabupaten Ogan Komering Ulu', '', ''),
(158, 8, 'Kabupaten Ogan Komering Ulu Selatan', '', ''),
(159, 8, 'Kabupaten Ogan Komering Ulu Timur', '', ''),
(160, 8, 'Kota Lubuklinggau', '', ''),
(161, 8, 'Kota Pagar Alam', '', ''),
(162, 8, 'Kota Palembang', '', ''),
(163, 8, 'Kota Prabumulih', '', ''),
(164, 9, 'Kabupaten Lampung Barat', '', ''),
(165, 9, 'Kabupaten Lampung Selatan', '', ''),
(166, 9, 'Kabupaten Lampung Tengah', '', ''),
(167, 9, 'Kabupaten Lampung Timur', '', ''),
(168, 9, 'Kabupaten Lampung Utara', '', ''),
(169, 9, 'Kabupaten Mesuji', '', ''),
(170, 9, 'Kabupaten Pesawaran', '', ''),
(171, 9, 'Kabupaten Pringsewu', '', ''),
(172, 9, 'Kabupaten Tanggamus', '', ''),
(173, 9, 'Kabupaten Tulang Bawang', '', ''),
(174, 9, 'Kabupaten Tulang Bawang Barat', '', ''),
(175, 9, 'Kabupaten Way Kanan', '', ''),
(176, 9, 'Kota Bandar Lampung', '', ''),
(177, 9, 'Kota Metro', '', ''),
(178, 10, 'Kabupaten Bangka', '', ''),
(179, 10, 'Kabupaten Bangka Barat', '', ''),
(180, 10, 'Kabupaten Bangka Selatan', '', ''),
(181, 10, 'Kabupaten Bangka Tengah', '', ''),
(182, 10, 'Kabupaten Belitung', '', ''),
(183, 10, 'Kabupaten Belitung Timur', '', ''),
(184, 10, 'Kota Pangkal Pinang', '', ''),
(185, 11, 'Kabupaten Kepulauan Seribu', '', ''),
(186, 11, 'Kota Jakarta Barat', '', ''),
(187, 11, 'Kota Jakarta Pusat', '', ''),
(188, 11, 'Kota Jakarta Selatan', '', ''),
(189, 11, 'Kota Jakarta Timur', '', ''),
(190, 11, 'Kota Jakarta Utara', '', ''),
(191, 12, 'Kabupaten Bandung', '', ''),
(192, 12, 'Kabupaten Bandung Barat', '', ''),
(193, 12, 'Kabupaten Bekasi', '', ''),
(194, 12, 'Kabupaten Bogor', '', ''),
(195, 12, 'Kabupaten Ciamis', '', ''),
(196, 12, 'Kabupaten Cianjur', '', ''),
(197, 12, 'Kabupaten Cirebon', '', ''),
(198, 12, 'Kabupaten Garut', '', ''),
(199, 12, 'Kabupaten Indramayu', '', ''),
(200, 12, 'Kabupaten Karawang', '', ''),
(201, 12, 'Kabupaten Kuningan', '', ''),
(202, 12, 'Kabupaten Majalengka', '', ''),
(203, 12, 'Kabupaten Purwakarta', '', ''),
(204, 12, 'Kabupaten Subang', '', ''),
(205, 12, 'Kabupaten Sukabumi', '', ''),
(206, 12, 'Kabupaten Sumedang', '', ''),
(207, 12, 'Kabupaten Tasikmalaya', '', ''),
(208, 12, 'Kota Bandung', '', ''),
(209, 12, 'Kota Banjar', '', ''),
(210, 12, 'Kota Bekasi', '', ''),
(211, 12, 'Kota Bogor', '', ''),
(212, 12, 'Kota Cimahi', '', ''),
(213, 12, 'Kota Cirebon', '', ''),
(214, 12, 'Kota Depok', '', ''),
(215, 12, 'Kota Sukabumi', '', ''),
(216, 12, 'Kota Tasikmalaya', '', ''),
(217, 13, 'Kabupaten Lebak', '', ''),
(218, 13, 'Kabupaten Pandeglang', '', ''),
(219, 13, 'Kabupaten Serang', '', ''),
(220, 13, 'Kabupaten Tangerang', '', ''),
(221, 13, 'Kota Cilegon', '', ''),
(222, 13, 'Kota Serang', '', ''),
(223, 13, 'Kota Tangerang', '', ''),
(224, 13, 'Kota Tangerang Selatan', '', ''),
(225, 14, 'Kabupaten Banjarnegara', '', ''),
(226, 14, 'Kabupaten Banyumas', '', ''),
(227, 14, 'Kabupaten Batang', '', ''),
(228, 14, 'Kabupaten Blora', '', ''),
(229, 14, 'Kabupaten Boyolali', '', ''),
(230, 14, 'Kabupaten Brebes', '', ''),
(231, 14, 'Kabupaten Cilacap', '', ''),
(232, 14, 'Kabupaten Demak', '', ''),
(233, 14, 'Kabupaten Grobogan', '', ''),
(234, 14, 'Kabupaten Jepara', '', ''),
(235, 14, 'Kabupaten Karanganyar', '', ''),
(236, 14, 'Kabupaten Kebumen', '', ''),
(237, 14, 'Kabupaten Kendal', '', ''),
(238, 14, 'Kabupaten Klaten', '', ''),
(239, 14, 'Kabupaten Kudus', '', ''),
(240, 14, 'Kabupaten Magelang', '', ''),
(241, 14, 'Kabupaten Pati', '', ''),
(242, 14, 'Kabupaten Pekalongan', '', ''),
(243, 14, 'Kabupaten Pemalang', '', ''),
(244, 14, 'Kabupaten Purbalingga', '', ''),
(245, 14, 'Kabupaten Purworejo', '', ''),
(246, 14, 'Kabupaten Rembang', '', ''),
(247, 14, 'Kabupaten Semarang', '', ''),
(248, 14, 'Kabupaten Sragen', '', ''),
(249, 14, 'Kabupaten Sukoharjo', '', ''),
(250, 14, 'Kabupaten Tegal', '', ''),
(251, 14, 'Kabupaten Temanggung', '', ''),
(252, 14, 'Kabupaten Wonogiri', '', ''),
(253, 14, 'Kabupaten Wonosobo', '', ''),
(254, 14, 'Kota Magelang', '', ''),
(255, 14, 'Kota Pekalongan', '', ''),
(256, 14, 'Kota Salatiga', '', ''),
(257, 14, 'Kota Semarang', '', ''),
(258, 14, 'Kota Surakarta', '', ''),
(259, 14, 'Kota Tegal', '', ''),
(260, 15, 'Kabupaten Bantul', '', ''),
(261, 15, 'Kabupaten Gunung Kidul', '', ''),
(262, 15, 'Kabupaten Kulon Progo', '', ''),
(263, 15, 'Kabupaten Sleman', '', ''),
(264, 15, 'Kota Yogyakarta', '', ''),
(265, 16, 'Kabupaten Bangkalan', '', ''),
(266, 16, 'Kabupaten Banyuwangi', '', ''),
(267, 16, 'Kabupaten Blitar', '', ''),
(268, 16, 'Kabupaten Bojonegoro', '', ''),
(269, 16, 'Kabupaten Bondowoso', '', ''),
(270, 16, 'Kabupaten Gresik', '', ''),
(271, 16, 'Kabupaten Jember', '', ''),
(272, 16, 'Kabupaten Jombang', '', ''),
(273, 16, 'Kabupaten Kediri', '', ''),
(274, 16, 'Kabupaten Lamongan', '', ''),
(275, 16, 'Kabupaten Lumajang', '', ''),
(276, 16, 'Kabupaten Madiun', '', ''),
(277, 16, 'Kabupaten Magetan', '', ''),
(278, 16, 'Kabupaten Malang', '', ''),
(279, 16, 'Kabupaten Mojokerto', '', ''),
(280, 16, 'Kabupaten Nganjuk', '', ''),
(281, 16, 'Kabupaten Ngawi', '', ''),
(282, 16, 'Kabupaten Pacitan', '', ''),
(283, 16, 'Kabupaten Pamekasan', '', ''),
(284, 16, 'Kabupaten Pasuruan', '', ''),
(285, 16, 'Kabupaten Ponorogo', '', ''),
(286, 16, 'Kabupaten Probolinggo', '', ''),
(287, 16, 'Kabupaten Sampang', '', ''),
(288, 16, 'Kabupaten Sidoarjo', '', ''),
(289, 16, 'Kabupaten Situbondo', '', ''),
(290, 16, 'Kabupaten Sumenep', '', ''),
(291, 16, 'Kabupaten Trenggalek', '', ''),
(292, 16, 'Kabupaten Tuban', '', ''),
(293, 16, 'Kabupaten Tulungagung', '', ''),
(294, 16, 'Kota Batu', '', ''),
(295, 16, 'Kota Blitar', '', ''),
(296, 16, 'Kota Kediri', '', ''),
(297, 16, 'Kota Madiun', '', ''),
(298, 16, 'Kota Malang', '', ''),
(299, 16, 'Kota Mojokerto', '', ''),
(300, 16, 'Kota Pasuruan', '', ''),
(301, 16, 'Kota Probolinggo', '', ''),
(302, 16, 'Kota Surabaya', '', ''),
(303, 17, 'Kabupaten Bengkayang', '', ''),
(304, 17, 'Kabupaten Kapuas Hulu', '', ''),
(305, 17, 'Kabupaten Kayong Utara', '', ''),
(306, 17, 'Kabupaten Ketapang', '', ''),
(307, 17, 'Kabupaten Kubu Raya', '', ''),
(308, 17, 'Kabupaten Landak', '', ''),
(309, 17, 'Kabupaten Melawi', '', ''),
(310, 17, 'Kabupaten Pontianak', '', ''),
(311, 17, 'Kabupaten Sambas', '', ''),
(312, 17, 'Kabupaten Sanggau', '', ''),
(313, 17, 'Kabupaten Sekadau', '', ''),
(314, 17, 'Kabupaten Sintang', '', ''),
(315, 17, 'Kota Pontianak', '', ''),
(316, 17, 'Kota Singkawang', '', ''),
(317, 18, 'Kabupaten Barito Selatan', '', ''),
(318, 18, 'Kabupaten Barito Timur', '', ''),
(319, 18, 'Kabupaten Barito Utara', '', ''),
(320, 18, 'Kabupaten Gunung Mas', '', ''),
(321, 18, 'Kabupaten Kapuas', '', ''),
(322, 18, 'Kabupaten Katingan', '', ''),
(323, 18, 'Kabupaten Kotawaringin Barat', '', ''),
(324, 18, 'Kabupaten Kotawaringin Timur', '', ''),
(325, 18, 'Kabupaten Lamandau', '', ''),
(326, 18, 'Kabupaten Murung Raya', '', ''),
(327, 18, 'Kabupaten Pulang Pisau', '', ''),
(328, 18, 'Kabupaten Sukamara', '', ''),
(329, 18, 'Kabupaten Seruyan', '', ''),
(330, 18, 'Kota Palangka Raya', '', ''),
(331, 19, 'Kabupaten Balangan', '', ''),
(332, 19, 'Kabupaten Banjar', '', ''),
(333, 19, 'Kabupaten Barito Kuala', '', ''),
(334, 19, 'Kabupaten Hulu Sungai Selatan', '', ''),
(335, 19, 'Kabupaten Hulu Sungai Tengah', '', ''),
(336, 19, 'Kabupaten Hulu Sungai Utara', '', ''),
(337, 19, 'Kabupaten Kotabaru', '', ''),
(338, 19, 'Kabupaten Tabalong', '', ''),
(339, 19, 'Kabupaten Tanah Bumbu', '', ''),
(340, 19, 'Kabupaten Tanah Laut', '', ''),
(341, 19, 'Kabupaten Tapin', '', ''),
(342, 19, 'Kota Banjarbaru', '', ''),
(343, 19, 'Kota Banjarmasin', '', ''),
(344, 20, 'Kabupaten Berau', '', ''),
(345, 20, 'Kabupaten Bulungan', '', ''),
(346, 20, 'Kabupaten Kutai Barat', '', ''),
(347, 20, 'Kabupaten Kutai Kartanegara', '', ''),
(348, 20, 'Kabupaten Kutai Timur', '', ''),
(349, 20, 'Kabupaten Malinau', '', ''),
(350, 20, 'Kabupaten Nunukan', '', ''),
(351, 20, 'Kabupaten Paser', '', ''),
(352, 20, 'Kabupaten Penajam Paser Utara', '', ''),
(353, 20, 'Kabupaten Tana Tidung', '', ''),
(354, 20, 'Kota Balikpapan', '', ''),
(355, 20, 'Kota Bontang', '', ''),
(356, 20, 'Kota Samarinda', '', ''),
(357, 20, 'Kota Tarakan', '', ''),
(358, 21, 'Kabupaten Badung', '', ''),
(359, 21, 'Kabupaten Bangli', '', ''),
(360, 21, 'Kabupaten Buleleng', '', ''),
(361, 21, 'Kabupaten Gianyar', '', ''),
(362, 21, 'Kabupaten Jembrana', '', ''),
(363, 21, 'Kabupaten Karangasem', '', ''),
(364, 21, 'Kabupaten Klungkung', '', ''),
(365, 21, 'Kabupaten Tabanan', '', ''),
(366, 21, 'Kota Denpasar', '', ''),
(367, 22, 'Kabupaten Bima', '', ''),
(368, 22, 'Kabupaten Dompu', '', ''),
(369, 22, 'Kabupaten Lombok Barat', '', ''),
(370, 22, 'Kabupaten Lombok Tengah', '', ''),
(371, 22, 'Kabupaten Lombok Timur', '', ''),
(372, 22, 'Kabupaten Lombok Utara', '', ''),
(373, 22, 'Kabupaten Sumbawa', '', ''),
(374, 22, 'Kabupaten Sumbawa Barat', '', ''),
(375, 22, 'Kota Bima', '', ''),
(376, 22, 'Kota Mataram', '', ''),
(377, 23, 'Kabupaten Kupang', '', ''),
(378, 23, 'Kabupaten Timor Tengah Selatan', '', ''),
(379, 23, 'Kabupaten Timor Tengah Utara', '', ''),
(380, 23, 'Kabupaten Belu', '', ''),
(381, 23, 'Kabupaten Alor', '', ''),
(382, 23, 'Kabupaten Flores Timur', '', ''),
(383, 23, 'Kabupaten Sikka', '', ''),
(384, 23, 'Kabupaten Ende', '', ''),
(385, 23, 'Kabupaten Ngada', '', ''),
(386, 23, 'Kabupaten Manggarai', '', ''),
(387, 23, 'Kabupaten Sumba Timur', '', ''),
(388, 23, 'Kabupaten Sumba Barat', '', ''),
(389, 23, 'Kabupaten Lembata', '', ''),
(390, 23, 'Kabupaten Rote Ndao', '', ''),
(391, 23, 'Kabupaten Manggarai Barat', '', ''),
(392, 23, 'Kabupaten Nagekeo', '', ''),
(393, 23, 'Kabupaten Sumba Tengah', '', ''),
(394, 23, 'Kabupaten Sumba Barat Daya', '', ''),
(395, 23, 'Kabupaten Manggarai Timur', '', ''),
(396, 23, 'Kabupaten Sabu Raijua', '', ''),
(397, 23, 'Kota Kupang', '', ''),
(398, 24, 'Kabupaten Majene', '', ''),
(399, 24, 'Kabupaten Mamasa', '', ''),
(400, 24, 'Kabupaten Mamuju', '', ''),
(401, 24, 'Kabupaten Mamuju Utara', '', ''),
(402, 24, 'Kabupaten Polewali Mandar', '', ''),
(403, 25, 'Kabupaten Bolaang Mongondow', '', ''),
(404, 25, 'Kabupaten Bolaang Mongondow Selatan', '', ''),
(405, 25, 'Kabupaten Bolaang Mongondow Timur', '', ''),
(406, 25, 'Kabupaten Bolaang Mongondow Utara', '', ''),
(407, 25, 'Kabupaten Kepulauan Sangihe', '', ''),
(408, 25, 'Kabupaten Kepulauan Siau Tagulandang Biaro', '', ''),
(409, 25, 'Kabupaten Kepulauan Talaud', '', ''),
(410, 25, 'Kabupaten Minahasa', '', ''),
(411, 25, 'Kabupaten Minahasa Selatan', '', ''),
(412, 25, 'Kabupaten Minahasa Tenggara', '', ''),
(413, 25, 'Kabupaten Minahasa Utara', '', ''),
(414, 25, 'Kota Bitung', '', ''),
(415, 25, 'Kota Kotamobagu', '', ''),
(416, 25, 'Kota Manado', '', ''),
(417, 25, 'Kota Tomohon', '', ''),
(418, 26, 'Kabupaten Banggai', '', ''),
(419, 26, 'Kabupaten Banggai Kepulauan', '', ''),
(420, 26, 'Kabupaten Buol', '', ''),
(421, 26, 'Kabupaten Donggala', '', ''),
(422, 26, 'Kabupaten Morowali', '', ''),
(423, 26, 'Kabupaten Parigi Moutong', '', ''),
(424, 26, 'Kabupaten Poso', '', ''),
(425, 26, 'Kabupaten Tojo Una-Una', '', ''),
(426, 26, 'Kabupaten Toli-Toli', '', ''),
(427, 26, 'Kabupaten Sigi', '', ''),
(428, 26, 'Kota Palu', '', ''),
(429, 27, 'Kabupaten Bantaeng', '', ''),
(430, 27, 'Kabupaten Barru', '', ''),
(431, 27, 'Kabupaten Bone', '', ''),
(432, 27, 'Kabupaten Bulukumba', '', ''),
(433, 27, 'Kabupaten Enrekang', '', ''),
(434, 27, 'Kabupaten Gowa', '', ''),
(435, 27, 'Kabupaten Jeneponto', '', ''),
(436, 27, 'Kabupaten Kepulauan Selayar', '', ''),
(437, 27, 'Kabupaten Luwu', '', ''),
(438, 27, 'Kabupaten Luwu Timur', '', ''),
(439, 27, 'Kabupaten Luwu Utara', '', ''),
(440, 27, 'Kabupaten Maros', '', ''),
(441, 27, 'Kabupaten Pangkajene dan Kepulauan', '', ''),
(442, 27, 'Kabupaten Pinrang', '', ''),
(443, 27, 'Kabupaten Sidenreng Rappang', '', ''),
(444, 27, 'Kabupaten Sinjai', '', ''),
(445, 27, 'Kabupaten Soppeng', '', ''),
(446, 27, 'Kabupaten Takalar', '', ''),
(447, 27, 'Kabupaten Tana Toraja', '', ''),
(448, 27, 'Kabupaten Toraja Utara', '', ''),
(449, 27, 'Kabupaten Wajo', '', ''),
(450, 27, 'Kota Makassar', '', ''),
(451, 27, 'Kota Palopo', '', ''),
(452, 27, 'Kota Parepare', '', ''),
(453, 28, 'Kabupaten Bombana', '', ''),
(454, 28, 'Kabupaten Buton', '', ''),
(455, 28, 'Kabupaten Buton Utara', '', ''),
(456, 28, 'Kabupaten Kolaka', '', ''),
(457, 28, 'Kabupaten Kolaka Utara', '', ''),
(458, 28, 'Kabupaten Konawe', '', ''),
(459, 28, 'Kabupaten Konawe Selatan', '', ''),
(460, 28, 'Kabupaten Konawe Utara', '', ''),
(461, 28, 'Kabupaten Muna', '', ''),
(462, 28, 'Kabupaten Wakatobi', '', ''),
(463, 28, 'Kota Bau-Bau', '', ''),
(464, 28, 'Kota Kendari', '', ''),
(465, 29, 'Kabupaten Boalemo', '', ''),
(466, 29, 'Kabupaten Bone Bolango', '', ''),
(467, 29, 'Kabupaten Gorontalo', '', ''),
(468, 29, 'Kabupaten Gorontalo Utara', '', ''),
(469, 29, 'Kabupaten Pohuwato', '', ''),
(470, 29, 'Kota Gorontalo', '', ''),
(471, 30, 'Kabupaten Buru', '', ''),
(472, 30, 'Kabupaten Buru Selatan', '', ''),
(473, 30, 'Kabupaten Kepulauan Aru', '', ''),
(474, 30, 'Kabupaten Maluku Barat Daya', '', ''),
(475, 30, 'Kabupaten Maluku Tengah', '', ''),
(476, 30, 'Kabupaten Maluku Tenggara', '', ''),
(477, 30, 'Kabupaten Maluku Tenggara Barat', '', ''),
(478, 30, 'Kabupaten Seram Bagian Barat', '', ''),
(479, 30, 'Kabupaten Seram Bagian Timur', '', ''),
(480, 30, 'Kota Ambon', '', ''),
(481, 30, 'Kota Tual', '', ''),
(482, 31, 'Kabupaten Halmahera Barat', '', ''),
(483, 31, 'Kabupaten Halmahera Tengah', '', ''),
(484, 31, 'Kabupaten Halmahera Utara', '', ''),
(485, 31, 'Kabupaten Halmahera Selatan', '', ''),
(486, 31, 'Kabupaten Kepulauan Sula', '', ''),
(487, 31, 'Kabupaten Halmahera Timur', '', ''),
(488, 31, 'Kabupaten Pulau Morotai', '', ''),
(489, 31, 'Kota Ternate', '', ''),
(490, 31, 'Kota Tidore Kepulauan', '', ''),
(491, 32, 'Kabupaten Asmat', '', ''),
(492, 32, 'Kabupaten Biak Numfor', '', ''),
(493, 32, 'Kabupaten Boven Digoel', '', ''),
(494, 32, 'Kabupaten Deiyai', '', ''),
(495, 32, 'Kabupaten Dogiyai', '', ''),
(496, 32, 'Kabupaten Intan Jaya', '', ''),
(497, 32, 'Kabupaten Jayapura', '', ''),
(498, 32, 'Kabupaten Jayawijaya', '', ''),
(499, 32, 'Kabupaten Keerom', '', ''),
(500, 32, 'Kabupaten Kepulauan Yapen', '', ''),
(501, 32, 'Kabupaten Lanny Jaya', '', ''),
(502, 32, 'Kabupaten Mamberamo Raya', '', ''),
(503, 32, 'Kabupaten Mamberamo Tengah', '', ''),
(504, 32, 'Kabupaten Mappi', '', ''),
(505, 32, 'Kabupaten Merauke', '', ''),
(506, 32, 'Kabupaten Mimika', '', ''),
(507, 32, 'Kabupaten Nabire', '', ''),
(508, 32, 'Kabupaten Nduga', '', ''),
(509, 32, 'Kabupaten Paniai', '', ''),
(510, 32, 'Kabupaten Pegunungan Bintang', '', ''),
(511, 32, 'Kabupaten Puncak', '', ''),
(512, 32, 'Kabupaten Puncak Jaya', '', ''),
(513, 32, 'Kabupaten Sarmi', '', ''),
(514, 32, 'Kabupaten Supiori', '', ''),
(515, 32, 'Kabupaten Tolikara', '', ''),
(516, 32, 'Kabupaten Waropen', '', ''),
(517, 32, 'Kabupaten Yahukimo', '', ''),
(518, 32, 'Kabupaten Yalimo', '', ''),
(519, 32, 'Kota Jayapura', '', ''),
(520, 33, 'Kabupaten Fakfak', '', ''),
(521, 33, 'Kabupaten Kaimana', '', ''),
(522, 33, 'Kabupaten Manokwari', '', ''),
(523, 33, 'Kabupaten Maybrat', '', ''),
(524, 33, 'Kabupaten Raja Ampat', '', ''),
(525, 33, 'Kabupaten Sorong', '', ''),
(526, 33, 'Kabupaten Sorong Selatan', '', ''),
(527, 33, 'Kabupaten Tambrauw', '', ''),
(528, 33, 'Kabupaten Teluk Bintuni', '', ''),
(529, 33, 'Kabupaten Teluk Wondama', '', ''),
(530, 33, 'Kota Sorong', '', ''),
(531, 0, 'Lain-lain', '', ''),
(532, 531, 'Lain-lain', '', '');

-- --------------------------------------------------------

--
-- Table structure for table `ref_bank`
--

CREATE TABLE IF NOT EXISTS `ref_bank` (
  `bank_id` int(15) NOT NULL AUTO_INCREMENT,
  `bank_name` varchar(255) NOT NULL,
  `bank_adm_fee` int(5) NOT NULL DEFAULT '0',
  `bank_is_active` enum('0','1') NOT NULL DEFAULT '1',
  PRIMARY KEY (`bank_id`)
) ENGINE=MyISAM  DEFAULT CHARSET=latin1 AUTO_INCREMENT=45 ;

--
-- Dumping data for table `ref_bank`
--

INSERT INTO `ref_bank` (`bank_id`, `bank_name`, `bank_adm_fee`, `bank_is_active`) VALUES
(1, 'Bank BCA', 5000, '1'),
(2, 'Bank Mandiri', 5000, '1'),
(3, 'Bank Niaga', 20000, '1'),
(4, 'BNI', 5000, '1'),
(5, 'BRI', 5000, '1'),
(6, 'Bank Muamalat', 20000, '1'),
(7, 'Bank Lippo', 20000, '1'),
(8, 'Bank Jatim', 20000, '0'),
(9, 'Bank Permata', 20000, '1'),
(10, 'Bank BII', 20000, '1'),
(11, 'Bank Artha Graha', 20000, '0'),
(12, 'Bank NISP', 20000, '1'),
(13, 'Bank Ekonomi', 20000, '0'),
(14, 'Bank Maspion', 20000, '0'),
(15, 'Bank Bukopin', 20000, '0'),
(16, 'ABN Amro Bank', 20000, '0'),
(17, 'Bank Antar Daerah', 20000, '0'),
(18, 'Bank Buana Indonesia', 20000, '0'),
(19, 'Bank Bumiputera Indonesia', 20000, '0'),
(20, 'Bank Danamon Indonesia', 20000, '1'),
(21, 'Bank Bali', 20000, '0'),
(22, 'Bank gundulmu', 20000, '0'),
(23, 'Bank Hagakita', 20000, '0'),
(24, 'Bank Halim Indonesia', 20000, '0'),
(25, 'Bank Kesawan', 20000, '0'),
(26, 'Bank Mega', 20000, '1'),
(27, 'Bank UOB Indonesia', 20000, '0'),
(28, 'HSBC', 20000, '0'),
(29, 'Citibank', 20000, '0'),
(30, 'Bank Swadesi', 20000, '0'),
(31, 'Bank Akita', 20000, '0'),
(32, 'Bank Chinatrust Indonesia', 20000, '0'),
(33, 'Prima Bank', 20000, '0'),
(34, 'Bank Bumi Arta', 20000, '0'),
(35, 'Bank Mayapada', 20000, '0'),
(36, 'BTPN', 20000, '0'),
(37, 'Bank Panin', 20000, '0'),
(38, 'BTN', 20000, '1'),
(39, 'Bank BPD', 20000, '0'),
(41, 'Bank Syariah Mandiri', 20000, '1');

-- --------------------------------------------------------

--
-- Table structure for table `site_administrator`
--

CREATE TABLE IF NOT EXISTS `site_administrator` (
  `admin_id` int(15) NOT NULL AUTO_INCREMENT,
  `admin_group_id` int(15) NOT NULL DEFAULT '0',
  `admin_username` varchar(255) NOT NULL DEFAULT 'esoft',
  `admin_password` varchar(255) NOT NULL DEFAULT 'willyoubethere',
  `admin_last_login` datetime DEFAULT '0000-00-00 00:00:00',
  `admin_is_active` enum('0','1') NOT NULL DEFAULT '1',
  PRIMARY KEY (`admin_id`)
) ENGINE=MyISAM  DEFAULT CHARSET=latin1 AUTO_INCREMENT=6 ;

--
-- Dumping data for table `site_administrator`
--

INSERT INTO `site_administrator` (`admin_id`, `admin_group_id`, `admin_username`, `admin_password`, `admin_last_login`, `admin_is_active`) VALUES
(1, 1, 'netsol', '21232f297a57a5a743894a0e4a801fc3', '2013-02-24 20:46:32', '1'),
(2, 2, 'masteradmin', 'b38eedb23f00465c756c6ab4346c1cc4', '2011-04-01 09:24:36', '1'),
(3, 1, 'jitutest', '1243b82bd249d55b700ecb58c62a4c74', '2012-05-15 09:41:02', '1'),
(4, 1, 'jitupro', 'ffca73cb507665109d97d921135830f8', '0000-00-00 00:00:00', '1'),
(5, 1, 'admin', '21232f297a57a5a743894a0e4a801fc3', '2013-02-24 10:07:19', '1');

-- --------------------------------------------------------

--
-- Table structure for table `site_administrator_group`
--

CREATE TABLE IF NOT EXISTS `site_administrator_group` (
  `admin_group_id` int(15) NOT NULL AUTO_INCREMENT,
  `admin_group_title` varchar(255) NOT NULL,
  `admin_group_is_active` enum('0','1') NOT NULL DEFAULT '1',
  PRIMARY KEY (`admin_group_id`)
) ENGINE=MyISAM  DEFAULT CHARSET=latin1 AUTO_INCREMENT=9 ;

--
-- Dumping data for table `site_administrator_group`
--

INSERT INTO `site_administrator_group` (`admin_group_id`, `admin_group_title`, `admin_group_is_active`) VALUES
(1, 'admin paling top1', '1'),
(2, 'Administrator', '1'),
(7, 'adsasd', '1'),
(8, 'admin paling ganteng', '1');

-- --------------------------------------------------------

--
-- Table structure for table `site_config`
--

CREATE TABLE IF NOT EXISTS `site_config` (
  `config_id` int(15) NOT NULL AUTO_INCREMENT,
  `config_name` varchar(255) NOT NULL,
  `config_data` text NOT NULL,
  PRIMARY KEY (`config_id`),
  KEY `config_name` (`config_name`)
) ENGINE=MyISAM  DEFAULT CHARSET=latin1 AUTO_INCREMENT=16 ;

--
-- Dumping data for table `site_config`
--

INSERT INTO `site_config` (`config_id`, `config_name`, `config_data`) VALUES
(1, 'website_title', 's:6:"a''ndro";'),
(2, 'website_keyword', 's:18:"ini adalah website";'),
(3, 'website_description', 's:16:"ini ibu budi sad";'),
(15, 'mlm_price', 'i:0;');

-- --------------------------------------------------------

--
-- Table structure for table `site_controller_action`
--

CREATE TABLE IF NOT EXISTS `site_controller_action` (
  `con_action_id` int(14) NOT NULL AUTO_INCREMENT,
  `con_action_data` varchar(127) DEFAULT NULL,
  PRIMARY KEY (`con_action_id`)
) ENGINE=MyISAM  DEFAULT CHARSET=latin1 AUTO_INCREMENT=80 ;

--
-- Dumping data for table `site_controller_action`
--

INSERT INTO `site_controller_action` (`con_action_id`, `con_action_data`) VALUES
(1, 'admin.default.index'),
(2, 'admin.file.index'),
(3, 'admin.menu.create'),
(4, 'admin.menu.update'),
(5, 'admin.menu.list'),
(6, 'admin.menu.index'),
(7, 'admin.page.view'),
(8, 'admin.page.create'),
(9, 'admin.page.update'),
(10, 'admin.page.delete'),
(11, 'admin.page.index'),
(12, 'admin.page.list'),
(13, 'admin.user.create'),
(14, 'admin.user.update'),
(15, 'admin.user.delete'),
(16, 'admin.user.index'),
(17, 'admin.user.right'),
(18, 'admin.usergroup.index'),
(19, 'admin.usergroup.update'),
(20, 'admin.usergroup.delete'),
(21, 'admin.usergroup.create'),
(22, 'admin.default.login'),
(23, 'admin.default.logout'),
(24, 'admin.page.upload'),
(25, 'admin.file.frame'),
(26, 'admin.page.getjson'),
(27, 'admin.file.connector'),
(28, 'admin.member.view'),
(29, 'admin.member.create'),
(30, 'admin.member.update'),
(31, 'admin.member.delete'),
(32, 'admin.member.index'),
(33, 'admin.member.admin'),
(34, 'admin.transfer.index'),
(35, 'admin.member.list'),
(36, 'admin.member.password'),
(37, 'admin.aktivasi.view'),
(38, 'admin.aktivasi.create'),
(39, 'admin.aktivasi.update'),
(40, 'admin.aktivasi.list'),
(41, 'admin.aktivasi.generate'),
(42, 'admin.aktivasi.file_list'),
(43, 'member.bonus.index'),
(44, 'member.bonus.log'),
(45, 'member.bonus.report'),
(46, 'member.geneology.view_network'),
(47, 'member.geneology.sponsoring'),
(48, 'member.geneology.report'),
(49, 'member.login.index'),
(50, 'member.login.logout'),
(51, 'member.profile.index'),
(52, 'member.profile.edit_password'),
(53, 'admin.member.login'),
(54, 'admin.transfer.history'),
(55, 'admin.reward.view'),
(56, 'admin.reward.create'),
(57, 'admin.reward.update'),
(58, 'admin.reward.index'),
(59, 'admin.bank.view'),
(60, 'admin.bank.create'),
(61, 'admin.bank.update'),
(62, 'admin.bank.delete'),
(63, 'admin.bank.list'),
(64, 'admin.support.view'),
(65, 'admin.support.create'),
(66, 'admin.support.update'),
(67, 'admin.support.delete'),
(68, 'admin.support.index'),
(69, 'admin.support.admin'),
(70, 'admin.reward.memberlist'),
(71, 'admin.reward.member_list'),
(72, 'admin.config.website'),
(73, 'admin.dashboard.index'),
(74, 'admin.news.view'),
(75, 'admin.news.create'),
(76, 'admin.news.update'),
(77, 'admin.news.delete'),
(78, 'admin.news.index'),
(79, 'admin.news.list');

-- --------------------------------------------------------

--
-- Table structure for table `site_con_action_prev`
--

CREATE TABLE IF NOT EXISTS `site_con_action_prev` (
  `con_action_prev_admin_group_id` int(14) NOT NULL DEFAULT '0',
  `con_action_prev_con_action_id` int(14) NOT NULL DEFAULT '0'
) ENGINE=MyISAM DEFAULT CHARSET=latin1;

--
-- Dumping data for table `site_con_action_prev`
--

INSERT INTO `site_con_action_prev` (`con_action_prev_admin_group_id`, `con_action_prev_con_action_id`) VALUES
(1, 16),
(1, 15),
(1, 13),
(1, 34),
(1, 54),
(1, 64),
(1, 66),
(1, 68),
(1, 67),
(1, 65),
(1, 69),
(1, 55),
(1, 57),
(1, 70),
(1, 58),
(1, 56),
(1, 7),
(1, 24),
(1, 9),
(1, 12),
(1, 11),
(1, 26),
(1, 10),
(1, 8),
(1, 74),
(1, 76),
(1, 79),
(1, 78),
(1, 77),
(1, 75),
(1, 4),
(1, 5),
(1, 6),
(1, 3),
(1, 28),
(1, 30),
(1, 36),
(1, 53),
(1, 35),
(1, 32),
(1, 31),
(1, 29),
(1, 33),
(1, 2),
(1, 25),
(1, 27),
(1, 23),
(1, 22),
(1, 1),
(1, 73),
(1, 72),
(1, 59),
(1, 61),
(1, 63),
(1, 62),
(1, 60),
(1, 37),
(1, 39),
(1, 40),
(1, 41),
(1, 42),
(1, 38),
(1, 17),
(1, 14),
(1, 21),
(1, 20),
(1, 18),
(1, 19);

-- --------------------------------------------------------

--
-- Table structure for table `site_menu`
--

CREATE TABLE IF NOT EXISTS `site_menu` (
  `menu_id` int(15) NOT NULL AUTO_INCREMENT,
  `menu_par_id` int(15) NOT NULL DEFAULT '0',
  `menu_title` varchar(255) DEFAULT NULL,
  `menu_description` text,
  `menu_link` varchar(255) DEFAULT NULL,
  `menu_page_id` int(15) NOT NULL DEFAULT '0',
  `menu_order_by` int(15) NOT NULL DEFAULT '0',
  `menu_location` enum('user','member','stockist','admin') NOT NULL,
  `menu_is_active` enum('0','1') NOT NULL DEFAULT '0',
  PRIMARY KEY (`menu_id`)
) ENGINE=MyISAM  DEFAULT CHARSET=latin1 AUTO_INCREMENT=132 ;

--
-- Dumping data for table `site_menu`
--

INSERT INTO `site_menu` (`menu_id`, `menu_par_id`, `menu_title`, `menu_description`, `menu_link`, `menu_page_id`, `menu_order_by`, `menu_location`, `menu_is_active`) VALUES
(3, 0, 'System', 'Menu untuk mengelola Menu Halaman User, Halaman Member, Halaman Administrator', '', 0, 14, 'admin', '1'),
(110, 109, 'User', '', '/admin/user', 0, 46, 'admin', '1'),
(111, 109, 'Group Admin', '', '/admin/usergroup', 0, 47, 'admin', '1'),
(112, 22, 'Menu Public', '', '/admin/menu/list/type/user', 0, 48, 'admin', '1'),
(113, 0, 'Content', '', '#', 0, 49, 'admin', '1'),
(114, 113, 'File Manager', '', '/admin/file', 0, 50, 'admin', '1'),
(115, 113, 'Page', '', '/admin/page/list', 0, 51, 'admin', '1'),
(108, 22, 'Menu Admin', '', '/admin/menu/list/type/admin', 0, 44, 'admin', '1'),
(109, 3, 'Group Admin', '', '#', 0, 45, 'admin', '1'),
(88, 0, 'TERM OF SERVICE', '', 'page/view/21', 21, 8, 'user', '1'),
(22, 3, 'Menu', '', '#', 0, 3, 'admin', '1'),
(23, 4, 'Berita', '', 'admin/info/news', 0, 1, 'admin', '1'),
(24, 4, 'Promo', '', 'admin/info/promo/', 0, 2, 'admin', '1'),
(25, 4, 'Top Leader', NULL, 'index.php?do=news_admin.leaders&act=list', 0, 3, 'admin', '1'),
(26, 5, 'Daftar Kartu', '', 'admin/serial/serial_list', 0, 1, 'admin', '1'),
(27, 5, 'Pembelian Kartu Pasif', '', 'admin/serial/buy', 0, 2, 'admin', '1'),
(63, 0, 'test', NULL, 'page/view/12', 12, 1, 'member', '0'),
(80, 0, 'CEK KARTU', '', 'serial/', 0, 1, 'user', '1'),
(81, 7, 'History', 'menu history transfer', 'admin/transfer/history/', 0, 31, 'admin', '1'),
(65, 0, 'Marketing toll', NULL, 'page/view/14', 14, 2, 'member', '0'),
(35, 16, 'Grup Administrator', NULL, 'admin/system/group_admin', 0, 1, 'admin', '1'),
(36, 16, 'User Administrator', '', 'admin/system/user', 0, 2, 'admin', '1'),
(105, 103, 'qqwe', 'qweqwe', 'qweqwe', 0, 0, 'admin', '0'),
(104, 0, 'aadasd', 'adsdasd', 'daasd', 0, 0, 'user', '0'),
(55, 13, 'Kategori Galeri', 'daftar kategori', 'admin/gallery/category', 0, 23, 'admin', '1'),
(56, 13, 'Daftar Galleri', '', 'admin/gallery', 0, 24, 'admin', '1'),
(57, 7, 'Komisi Bulanan', 'Transfer Komisi Cash', 'admin/transfer/', 0, 25, 'admin', '1'),
(60, 8, 'Daftar Reward', '', 'admin/reward/', 0, 28, 'admin', '1'),
(61, 8, 'Reward Member', '', 'admin/reward/member/', 0, 29, 'admin', '1'),
(98, 0, 'PRODUK', '', 'page/view/25', 25, 40, 'user', '1'),
(73, 0, 'TESTIMONIAL', '', 'testimonial', 0, 2, 'user', '1'),
(69, 0, 'MARKETING PLAN', '', 'page/view/2', 0, 3, 'user', '1'),
(78, 0, 'REWARD', NULL, 'page/view/18', 18, 9, 'user', '1'),
(99, 43, 'Produk', 'penambahan Produk', 'admin/product/', 0, 39, 'admin', '1'),
(83, 0, 'DOWNLOAD', 'menu untuk download', 'download', 0, 10, 'user', '1'),
(87, 0, 'FAQ', NULL, 'page/view/20', 20, 7, 'user', '1'),
(90, 7, 'Komisi Harian', '', 'admin/transfer/mingguan', 0, 35, 'admin', '1'),
(107, 4, 'Test', 'asdasdas', 'sadasdasdas', 0, 1, 'admin', '1'),
(92, 91, 'Report Harian', '', 'admin/report/', 0, 37, 'admin', '1'),
(93, 91, 'Report Aktivasi', '', 'admin/report/aktivasi', 0, 38, 'admin', '1'),
(94, 0, 'KODE ETIK', '', 'page/view/11', 0, 39, 'user', '1'),
(101, 43, 'Daftar Excel Member List', '', '/admin/repeat_order/approval_list', 0, 41, 'admin', '1'),
(100, 43, 'Approval Repeat order', '', 'admin/repeat_order/', 0, 40, 'admin', '0'),
(102, 13, 'Slide', '', 'admin/slide', 0, 42, 'admin', '1'),
(106, 105, 'asddsad', 'dasd', 'adsdasd', 0, 43, 'admin', '1'),
(117, 0, 'MLM', '', '#', 0, 52, 'admin', '1'),
(118, 117, 'member', '', '/admin/member/list', 0, 53, 'admin', '1'),
(119, 117, 'Transfer Komisi', '', '', 0, 54, 'admin', '1'),
(120, 117, 'Serial Aktivasi', '', '/admin/aktivasi/list', 0, 55, 'admin', '1'),
(124, 119, 'Daftar History Transfer', '', '/admin/transfer/history', 0, 57, 'admin', '1'),
(123, 119, 'Transfer Komisi', '', '/admin/transfer', 0, 56, 'admin', '1'),
(125, 117, 'Reward', '', 'admin/reward/', 0, 58, 'admin', '1'),
(126, 125, 'Daftar Reward', '', '/admin/reward', 0, 59, 'admin', '1'),
(127, 125, 'Daftar Reward Member', '', '/admin/reward/memberlist', 0, 60, 'admin', '1'),
(128, 3, 'Konfigurasi Bank', '', '/admin/bank/list', 0, 61, 'admin', '1'),
(129, 3, 'Konfigurasi Support YM', '', '/admin/support', 0, 62, 'admin', '1'),
(130, 3, 'Konfigurasi Website', '', '/admin/config/website', 0, 63, 'admin', '1'),
(131, 113, 'Berita', '', '/admin/news/list', 0, 64, 'admin', '1');

-- --------------------------------------------------------

--
-- Table structure for table `site_menu_privilege`
--

CREATE TABLE IF NOT EXISTS `site_menu_privilege` (
  `privilege_admin_group_id` int(15) NOT NULL DEFAULT '0',
  `privilege_menu_id` int(15) NOT NULL DEFAULT '0'
) ENGINE=MyISAM DEFAULT CHARSET=latin1;

--
-- Dumping data for table `site_menu_privilege`
--

INSERT INTO `site_menu_privilege` (`privilege_admin_group_id`, `privilege_menu_id`) VALUES
(6, 56),
(6, 55),
(6, 13),
(6, 6),
(6, 5),
(6, 4),
(6, 22),
(2, 93),
(2, 92),
(2, 91),
(2, 84),
(2, 36),
(2, 35),
(2, 16),
(2, 56),
(2, 55),
(2, 13),
(2, 11),
(2, 10),
(2, 9),
(2, 61),
(2, 60),
(2, 8),
(2, 90),
(2, 57),
(2, 81),
(2, 7),
(2, 6),
(8, 22),
(7, 21),
(6, 3),
(2, 27),
(4, 19),
(3, 18),
(2, 26),
(9, 4),
(12, 25),
(3, 18),
(4, 19),
(6, 2),
(7, 21),
(8, 22),
(31, 14),
(2, 5),
(5, 21),
(5, 20),
(5, 3),
(5, 19),
(5, 18),
(5, 2),
(5, 1),
(5, 22),
(5, 5),
(5, 6),
(2, 24),
(2, 23),
(2, 4),
(2, 22),
(2, 20),
(1, 126),
(1, 125),
(1, 120),
(1, 123),
(2, 3),
(2, 50),
(2, 49),
(1, 124),
(2, 2),
(1, 119),
(1, 118),
(1, 117),
(1, 131),
(1, 115),
(1, 114),
(1, 113),
(1, 130),
(1, 129),
(1, 128),
(1, 108),
(1, 112),
(1, 22),
(1, 111),
(1, 110),
(1, 109),
(1, 3),
(1, 127);

-- --------------------------------------------------------

--
-- Table structure for table `site_news`
--

CREATE TABLE IF NOT EXISTS `site_news` (
  `news_id` int(10) unsigned NOT NULL AUTO_INCREMENT,
  `news_news_category_id` int(11) unsigned NOT NULL,
  `news_admin_id` int(10) unsigned NOT NULL DEFAULT '0',
  `news_source` varchar(255) DEFAULT NULL,
  `news_title` varchar(100) NOT NULL,
  `news_subtitle` varchar(100) DEFAULT NULL,
  `news_short_content` text,
  `news_content` text NOT NULL,
  `news_image` varchar(255) DEFAULT NULL,
  `news_is_active` enum('0','1') NOT NULL DEFAULT '0',
  `news_input_datetime` datetime NOT NULL DEFAULT '0000-00-00 00:00:00',
  PRIMARY KEY (`news_id`)
) ENGINE=InnoDB  DEFAULT CHARSET=latin1 COMMENT='data berita' AUTO_INCREMENT=4 ;

--
-- Dumping data for table `site_news`
--

INSERT INTO `site_news` (`news_id`, `news_news_category_id`, `news_admin_id`, `news_source`, `news_title`, `news_subtitle`, `news_short_content`, `news_content`, `news_image`, `news_is_active`, `news_input_datetime`) VALUES
(1, 1, 1, 'http://blog.supexteam.com', 'Apakah Multi Level Marketing ?', '', 'Sukses adalah dambaan setiap orang. Tidak ada satu orangpun yang menginginkan kegagalan dalam hidupnya. Untuk mencapai prestasi kesuksesan dalam hidup Anda yang terlebih dahulu Anda punyai adalah tujuan hidup (goal setting). Tidak adanya tujuan hidup dalam diri Anda akan menyebabkan diri Anda pasif menerima apa saja yang disodorkan oleh kehidupan kepada Anda dan biasanya hidup Anda menjadi sangat menbosankan sekaligus tidak menggairahkan. ', '<p style="text-align: justify;"><strong>Multi-level marketing </strong>adalah jalur alternatif bagi perusahaan untuk mendistribusikan produk dan jasanya ke pasaran (jalur distribusi yang lain termasuk supermarket, toko retail, <em>door to door sales</em> dan lain-lain).<br /><br />Mengapa perusahaan memilih MLM untuk mendistribusikan produknya?<br /><br />Ada beberapa alasan :<br /><br /><strong>1. Biaya <em>overhead</em> yang rendah</strong><br />Tidak seperti perusahaan retail, perusahaan MLM tidak perlu mengalokasikan dana yang besar dalam <em>advertising </em>untuk menarik <em>customer</em>. Sebagai penggantinya, dana dialihkan untuk memberikan komisi bagi distributor untuk memasarkan produk ke customer. Selain itu, perusahaan hanya perlu memberikan komisi bagi <em>distributor </em>berdasarkan hasil, yaitu dari persentasi dari produk yang terjual.<br /><br /><strong>2. Biaya overhead distribusi yang rendah</strong><br /><em>Typical </em>distribusi melalui retail menggunakan serangkaian regional, negara, kota, dan retailer lokal untuk mendistribusikan barang-barang. Masing-masing perlu mendapatkan keuntungan dan melakukan <em>mark up</em> harga dari barang.<br /><br />Jalur distribusi non MLM<br /><em>manufacturer &ndash;&gt; transporter &ndash;&gt; wholesaler &ndash;&gt; retailer &ndash;&gt; advertisers &ndash;&gt; customers</em><br /><br />Jalur distribusi MLM<br /><em>manufacturer &ndash;&gt; representative &ndash;&gt; customer</em><br /><br /><strong>3. Tingkat pertumbuhan yang tinggi</strong><br />Perusahaan MLM yang diatur dengan baik bisa berkembang dengan tingkat pertumbuhan 20%, 50%, bahkan 100% tiap bulan<br /><br /><strong>&nbsp;4. Tim sales dan marketing yang termotivasi.</strong><br />Ada banyak sekali produk yang membanjiri pasaran. Dibutuhkan dana marketing yang besar untuk bisa memperoleh tempat di <em>customer</em>. Selain itu banyak produk yang membutuhkan penjelasan yang rinci dibandingkan dengan yang dapat dilakukan di iklan TV selama 30 detik.<br /><br />Bagi perorangan, MLM bisa memberikan kesempatan untuk mempunyai sumber penghasilan tambahan yang jika disertai dengan kerja keras, bisa menjadi sumber penghasilan yang cukup <em>significant</em>.<br /><strong><br />Bagaimana Caranya?</strong><br /><br />MLM adalah tentang &ldquo;banyak orang melakukan bagiannya masing-masing yang sedikit&rdquo;. Dalam MLM, Anda tidak hanya mendapatkan komisi dari hasil penjualan Anda secara langsung namun juga secara tidak langsung. Anda mendapatkan juga komisi dari hasil penjualan orang yang Anda bawa ke perusahaan dan juga dari hasil orang yang orang tadi bawa, dan juga dari hasil penjualan dari orang terakhir yang dia bawa.<br /><br />Dengan mendapatkan persentasi hasil dari banyak orang, penghasilan Anda akan berkembang sampai hasil yang sangat besar.<br /><br />Jika Anda mendapatkan 5 orang yang serius mengembangkan bisnis dan masing-masing mempunyai hasil penjualan $100 per orang dengan komisi 5%, penghasilan Anda adalah seperti berikut :<br /><br /><em>Level - #people - $volume - $bonuses</em><br />1. 5 - 500 - 25<br />2. 25 - 2500 - 125<br />3. 125 - 12500 - 625<br />4. 625 - 62500 - 3125<br />5. 3125 - 312500 - 15625<br />6. 15625 - 1562500 - 78125<br />7. 78125 - 7812500 &ndash; 390625<br /><br />Jadi, jika tiap orang bisa mendapatkan 5 orang, Anda bisa mendapatkan $500,000 per bulan. WOW, mari kita semua bekerja dan menjadi kaya!<br /><br /><strong>Tapi tunggu dulu. Tidak sesederhana itu.</strong><br /><br />Membutuhkan usaha dan waktu untuk membangun grup dalam perusahaan MLM. Anda pun tidak bisa bekerja sendirian. Anda tidak bisa merekrut 90.000 orang seorang diri. Tiap orang harus mencari 5 atas usaha sendiri dan tidak semua orang mau bekerja untuk mendapatkan 5 orang itu.<br /><br />Bisa dibilang jarang ada orang yang akan membangun group ideal seperti ini. Beberapa kaki di struktur <em>downline </em>akan tumbuh lebih cepat dari yang lain. Beberapa kaki akan tumbuh dengan lebih lambat. Jika Anda tidak bekerja, Anda tidak akan pernah memulai satu pun kaki yang akan tumbuh sesuai dengan yang Anda inginkan.<br /><br />Itulah konsepnya. Banyak orang mengerjakan bagiannya yang kecil dan Anda mendapatkan bagian dari setiap orang. Jika Anda mempunyai inisiatif dan etos kerja untuk membangun group tersebut, Anda bisa mendapatkan income yang cukup <em>significant </em>bahkan bisa menjadi kaya.<br /><br />Yang perlu digarisbawahi adalah MLM bukanlah cara cepat untuk menjadi kaya. Diperlukan KERJA keras dan kebanyakan orang tidak mau mengerjakan hal-hal yang diperlukan. Kebanyakan orang tidak akan pernah menjadi kaya, hanya beberapa saja yang akan berhasil. Walaupun demikian, selama Anda memilih perusahaan yang benar dengan produk dan jasa yang baik, tingkat keberhasilan Anda sepenuhnya tergantung pada Anda.<br /><br /><strong>Apakah MLM adalah penipuan, illegal, tak bermoral?</strong><br /><br />Ini adalah bagian terbesar dari argumentasi, ketidaksetujuan dan tuduhan yang tidak berdasar tentang MLM. Tidak sedikit yang beranggapan MLM adalah tidak etis dan tidak bermoral. Walaupun demikian secara hukum, MLM dianggap legal, tidak menyalahi aturan moral.<br /><br />Sebenarnya MLM tidak bisa dikatakan dari sananya baik atau buruk seperti halnya orang memandang sistem bisnis biasa. Bisnis biasa (dunia korporat) bisa dijalankan secara baik dan bisa dijalankan dengan buruk. MLM juga demikian. Ada yg dijalankan dengan baik dan ada juga yang dijalankan dengan buruk. Jadi baik dan buruknya MLM tergantung bagaimana perusahaan didesain dan dijalankan oleh tim manajemen dan tim pemasar di lapangan.<br /><br />Memang harus diakui ada juga perusahaan MLM yang tidak lebih dari sekadar penipuan, cara cepat menjadi kaya untuk pemilik dan segelintir kroninya. Beberapa di antaranya berusaha memanipulasi hukum dan menghindar dari hukum. Ada juga perusahaan MLM yang mempunyai produk yg sah secara hukum dan sudah berkecimpung dalam bisnis selama beberapa tahun tapi dijalankan secara salah, sedemikian sehingga banyak orang yang menjadi korban. Contoh, orang lanjut usia yangmenginvestasikan uang pensiun untuk membeli barang-barang yang memenuhi garasinya dan seterusnya. Banyak orang tentunya setuju bahwa perusahaan ini, setidaknya distributor yg menjalankan praktek-praktek tidak bertanggung-jawab, sama sekali tidaklah etis.<br /><br />Sebenarnya ada banyak perusahaan yang dijalankan dengan sah, legal, dan etis. Perusahaan-perusahaan tersebut mempunyai produk-produk yang baik, bermanfaat bagi pelanggan dan memberikan banyak orang peluang untuk memperbaiki kondisi keuangannya.<br /><br />Kubu Anti MLM sering menyatakan bahwa perusahaan MLM dan distributornya hanya menjual fantasi tidak realistis mengenai potensi penghasilan yang dapat diperoleh kepada prospek, yg pada kenyataannya hanya menggemukkan penghasilan upline. Pandangan ini bisa dimengerti namun mengabaikan satu hal penting yaitu bahwa setiap orang mempunyai kesempatan yang sama untuk membangun group atau timnya sendiri seperti halnya uplinenya. Upline sudah bekerja keras, mungkin selama bertahun-tahun, untuk membangun downline yang sekarang memberikan hasilnya bagi upline tersebut. Orang baru mungkin sudah investasikan hanya beberapa ratus dollar dan beberapa jam saja perharinya. Setiap orang memulai dari tempat yang sama, DI DASAR, dan setiap orang punya kesempatan yang SAMA untuk membangun downlinenya sendiri.<br /><br /><strong>Teori Saturasi</strong><br /><br />Satu-satunya pengecualian mungkin teori saturasi (jenuh). Dalam kasus ini, perusahaan sudah berkembang sedemikian rupa sehingga banyak orang dari <em>distributor </em>aktif yang tertarik untuk merekrut orang baru, sudah bergabung (ini tidak berarti SEMUA orang sudah direkrut). Orang baru akan lebih sulit mencari prospek baru dibandingkan <em>upline </em>yang telah melakukannya beberapa tahun yang lalu. Orang baru ini punya beberapa pilihan bergabung dengan perusahaan yang sudah mapan walaupun sudah mendekati jenuh, pilih perusahaan lain yang tidak punya masalah saturasi, atau menyerah.<br /><br />Walaupun demikian, orang baru yang bergabung dengan perusahaan yang mapan, akan memiliki banyak alat bantu dan sistem <em>support</em> daripada orang lama yang bergabung di perusahaan tersebut sejak lama. Mungkin juga ada lebih banyak produk, lebih banyak literatur, dan lain-lain. Walaupun orang lama yang bergabung lebih mempunyai pasar yang besar, mereka juga mempunyai fasilitas yang terbatas. Jadi ada kelebihan dan kekurangannya bagi orang yang bergabung duluan dan bergabung belakangan.<br /><br />Dalam kenyatannya, saturasi ini jarang menjadi masalah. Hanya ada sedikit kasus di mana market benar-benar jadi jenuh. Mungkin saja akan lebih sulit untuk mencari orang baru dalam perusahaan yang besar tapi TIDAK ADA perusahaan dalam sejarah MLM yang berkembang sangat pesat sehingga menghabiskan potensi pasarnya. Lebih banyak orang yang memasuki usia 18 tahun di dunia ini daripada jumlah orang yang bergabung ke semua perusahaan MLM yang ada. Sampai sejauh ini, pertumbuhan MLM belum bisa menyamai pertumbuhan populasi manusia.<br /><br />Jadi, MLM bisa dikerjakan secara sah, bermoral, tapi MLM bisa juga dijalankan secara tidak etis dan tidak legal.<br /><br /><strong>Apakah merekrut itu salah dibandingkan dengan menjual produk?</strong><br /><br />Ini adalah pendapat umum mengenai MLM. Di satu sisi, pendapat ini benar. Jika tujuan utama di balik MLM adalah untuk merekrut orang, yaitu jika uang pembayaran waktu bergabung, adalah satu-satunya sumber pembayar bonus, maka tentu saja kegiatan MLM ini tidak benar.<br /><br />Kubu Anti MLM berpendapat bahwa tujuan utama MLM adalah untuk merekrut orang baru, bukan untuk menjual barang. Yang tidak mereka mengerti adalah MENDAFTARKAN ORANG BARU ADALAH CARA ANDA MENJUAL PRODUK DI MLM. Di samping itu, Anda tetap bisa memperoleh penghasilan walaupun hanya jadi pengecer produk dan jasa yang dijual.<br /><br />Jika Anda fokus hanya di penjualan, ini bukan MLM, hanya jualan cara biasa. MLM bekerja berdasarkan proses yang berbeda dari sales biasa. Bukannya mencari beberapa orang untuk menjual dalam volume besar sekaligus, Anda mencari banyak orang dan masing-masing menjual dalam volume sedikit (karena tiap orang menjual dalam jumlah kecil, pengunaan pribadi oleh tiap distributor menyumbang peranan penting dari total volume penjualan). Merekrut orang baru dan membangun <em>downline </em>adalah caranya Anda mencari orang-orang yang masing-masing mengerjakan bagiannya dalam proses penjualan. (Perhatikan : SETIAP orang melakukan kontribusi dari total penjualan. BUKAN HANYA orang yang bergabung belakangan. Kontribusi Anda bagi <em>Upline </em>secara perorangan hanya beberapa sampai puluhan dollar). Produk berpindah dari perusahaan ke <em>customer </em>atau distributor. Itulah sumber penghasilan dari MLM yang benar. Hanya cara pendistribusiannya yang berbeda.<br /><br />MLM bekerja dalam hal yang berbeda dengan cara biasa, walaupun berbeda, hal itu tidak menjadikannya illegal atau amoral atau salah. Hanya caranya saja yang BERBEDA. Seperti halnya <em>franchise </em>berbeda dari retail biasa (<em>franchise </em>pernah dianggap sebagai bentuk penipuan). <em>Franchise </em>bukanlah penipuan, hanya satu bentuk dalam bisnis. Mengacu ke analogi yang sama, MLM berbeda dari retail yang biasa dan <em>franchising</em>, tapi bisa menjadi bentuk efektif dalam melakukan bisnis.</p>', 'news-20110114-4d2ff3b33137e.jpg', '1', '2011-07-21 12:22:36'),
(2, 1, 2, 'http://haryantokandani.com', 'Profesionalisme', NULL, 'Dunia menuntut profesionalisme. Nilai yang kita perlu tingkatkan adalah profesionalisme dalam bermasyarakat, berorganisasi. Tahukah bahwa dunia mencari orang-orang yang profesional bahkan mereka berani bayar mahal untuk itu. Kalau dari sekarang kita mulai mengembangkan profesionalisme maka beberapa waktu dari saat ini kita akan memiliki kehidupan yang berkualitas tinggi. ', '<p style="text-align: justify;"><span style="font-size: small;">Dunia menuntut profesionalisme<br />Nilai yang kita perlu tingkatkan adalah profesionalisme dalam bermasyarakat, berorganisasi.<br />Tahukah bahwa dunia mencari orang-orang yang profesional bahkan mereka berani bayar mahal untuk itu. Kalau dari sekarang kita mulai mengembangkan profesionalisme maka beberapa waktu dari saat ini kita akan memiliki kehidupan yang berkualitas tinggi.<br /><br /><strong>Pemahaman profesional:</strong><br />Seseorang yang melakukan suatu (kegiatan, aktivitas, usaha, pekerjaan) yang dilakukan untuk mendapatkan (nafkah, kesenangan) atau memberi (konstribusi) dengan mengandalkan (keahlian, keterampilan, kemahiran) yang tinggi dengan melibatkan komitmen pribadi (moral) yang mendalam.<br /><br /><strong>Profesionalisme:</strong><br />Lebih mengarah pada (spirit, jiwa, sikap, karakter, semangat, nilai) yang dimiliki dari seorang yang profesional.<br /><br />Tanpa profesionalisme sebuah institusi, sebuah organisasi, sebuah perusahaan tidak akan bertahan lama dan langgeng,</span></p>\r\n<p style="text-align: justify;"><span style="font-size: small;">karena jiwa profesionalisme inilah yang menghidupkan setiap aktivitas-aktivitas yang ada didalamnya.<br />Julukan profesional sebenarnya bukan label yang kita berikan untuk diri sendiri melainkan penilaian orang lain atas kinerja dan peforma yang kita tampilkan.<br /><strong><br />7 Strategi menjadi seorang yang profesional</strong></span></p>\r\n<p style="text-align: justify;"><span style="font-size: small;"><br /><strong>1. Kembangkan keahlian (Expert)</strong><br />Untuk menjadi seorang yang profesional tidak cukup hanya lewat pendidikan formal, diperlukan lebih dari sekedar gelar akademis. Kita perlu melalui proses pembelajaran dan pengembangan diri yang terus menerus. Kita harus menggali potensi dan kemampuan kita dan terus dikembangkan sampai kita menjadi ahli. Fokus pada kekuatan kita dan bukan pada kelemahan kita, lakukan eksplorasi (organisasi sebagai sarana), sadari setiap kita punya keunikan dan kekhususan jadi kita perlu inves waktu untuk mengembangkannya. Hal ini butuh ketekunan, usaha, kerja keras, kemauan yang kuat dan inisiatif. Terus tingkatkan pemahaman kita lewat seminar, buku, audio, latihan.<br /><br /><strong>2. Mahir membangun hubungan (Relationship)</strong><br />Kemampuan kita membangun hubungan (bersosialisasi) dengan orang lain sangat menentukan keberhasilan kita dalam kehidupan.</span></p>\r\n<p style="text-align: justify;"><span style="font-size: small;">Ini berlaku dalam setiap aspek kehidupan seperti: pergaulan, organisasi, dunia usaha, pekerjaan, keluarga.<br />Makanya tidak heran sejumlah studi ilmiah menyimpulkan 85% kunci sukses ditentukan bukan dari keahlian/keterampilan teknis melainkan kemahiran dalam menjalin hubungan baik dengan orang lain. Bila anda ingin menjadi seorang yang profesional dalam hidup ini, apapun tujuan dan bidang yang anda pilih, anda harus belajar membina hubungan yang baik dengan orang banyak dari berbagai kalangan.<br />Karena masyarakat mungkin masih bisa menerima orang yang tidak punya keahlian khusus tapi mereka sulit menerima orang yang tidak bisa berhubungan baik dengan orang lain.<br /><br /><strong>3. Tingkatkan kemampuan berkomunikasi (Communicator)</strong><br />Seberapa jauh dan dalamnya suatu hubungan dapat terjalin ditentukan oleh komunikasi. 90% penyebab hancurnya suatu hubungan pernikahan, pertemanan, organisasi, bisnis, diakibatkan komunikasi yang salah. Komunikasi yang baik harus bersifat dua arah. Seorang komunikator yang handal adalah seorang pendengar yang baik. Seorang yang profesional harus mampu mengkomunikasikan suatu hal dengan jelas dan tepat pada sasaran.<br /><br /><strong>4. Hasilkan yang terbaik (Excellent)</strong><br />Seorang profesional sejati akan selalu berusaha menghasilkan karya yang berkualitas tinggi dan kinerja yang maksimal. "Profesional don''t do different thing, they do thing differently".<br />Untuk menjadi profesional kita harus terus mencoba memberikan dan mengerjakan lebih dari apa yang diharapkan. Waktu kita lakukan suatu kegiatan, project, kerjaan, tugas hasilkan yang terbaik. Jangan puas dengan rata-rata kejar hasil yang excellent. Lakukan yang terbaik hari ini untuk bayaran hari esok. Pikirkan selalu apa yang dapat saya lakukan untuk add value bukan apa yang saya bisa peroleh.<br /><br /><strong>5. Berpenampilan menarik (Good Looking)</strong><br />First impression is very important! Karena orang akan menilai kita 10 detik pertama apakah mereka bisa menerima kita atau tidak.Sama halnya kalau kita mau beli barang lihat packaging dulu, mau nonton film lihat preview dulu, mau masuk toko lihat dekor yang paling menarik.<br /><br /><strong>6. Kehidupan yang seimbang (Balance of life)</strong><br />Seorang profesional harus mampu atur prioritas dan menjalankan berbagai peran. Setiap kita mungkin memiliki banyak peran dalam hidup ini seperti: sebagai anak, ayah, anggota organisasi, ketua, sales, karyawan. Kita harus dapat berfungsi dengan benar sesuai dengan peran yang kita jalankan jangan sampai tercampur aduk. Hidup ini harus dijaga agar seimbang dalam berbagai aspek.<br /><br /><strong>7. Memiliki nilai moral yang tinggi (Strong Value)</strong><br />Untuk menjadi seorang yang profesional sejati kita harus memiliki nilai moral yang tinggi. Hal ini yang akan membedakan setiap kinerja, usaha,</span></p>\r\n<p style="text-align: justify;"><span style="font-size: small;">karya dan kegiatan yang kita lakukan dengan orang lain. Sementara orang lain kompromi, menggunakan cara-cara yang tidak etis untuk mencapai tujuannya kita tetap berpegang pada prinsip yang benar.<br />Diluar sana ada begitu banyak cara-cara pintas dan penyimpangan yang terjadi, oleh karena itu kita harus mampu mempertahankan sikap profesionalisme. <br /></span></p>', NULL, '1', '2011-07-21 22:10:01'),
(3, 1, 1, 'http://hanajatim.tripod.com', 'Sukses adalah Sebuah Pilihan', NULL, 'Saat ini masyarakat sudah tidak Asing lagi dengan MLM, ini menandakan bahwa bisnis mlm bukan lagi bisnis yang tabu dan di pandang sebelah mata, karena semakin terbuktinya perusahaan mlm mencetak Milyuner-milyuner baru di dunia, tunggu penawaran kami untuk anda yang mempersiapkan diri menjadi pengusaha di bisnis ini, karena uang bukan lagi menjadi halangan untuk anda memulai membangun perusahaan MLM. ', '<p style="text-align: justify;"><span style="font-size: small;"><strong>Sukses </strong>adalah dambaan setiap orang. Tidak ada satu orangpun yang menginginkan kegagalan dalam hidupnya. Untuk mencapai prestasi kesuksesan dalam hidup Anda yang terlebih dahulu Anda punyai adalah tujuan hidup (<em>goal setting</em>). Tidak adanya tujuan hidup dalam diri Anda akan menyebabkan diri Anda pasif menerima apa saja yang disodorkan oleh kehidupan kepada Anda dan biasanya hidup Anda menjadi sangat menbosankan sekaligus tidak menggairahkan.</span></p>\r\n<p style="text-align: justify;"><span style="font-size: small;">Kebanyakan orang yang hidup tanpa tujuan akan terfokus berjalan ditempat dan menghabiskan waktunya secara membosankan tanpa pencapaian prestasi yang berarti. Mereka hanya menjadi "penonton" dari suatu kehidupan. Mereka hanya bisa melihat kesuksesan orang lain tapi sama sekali tidak pernah membayangkan untuk dirinya sendiri. Inilah yang disebut hidup tanpa misi alias hidup tanpa tujuan!. Anda harus mempunyai misi hidup didunia ini agar hidup Anda berarti dan menggairahkan!<br />&nbsp;<br />Untuk mencapai sukses tentu saja tidak mudah, karena Anda juga harus menyikapi kegagalan dengan baik jika memang Anda menghadapi kegagalan. Untuk mencapai sukses kerap kali kita harus melewati kesalahan serta kegagalan dalam hidup. Banyak orang ingin sukses tapi sedikit sekali yang berani untuk menghadapi kegagalan. Kalau Anda ingin sukses, Anda tidak boleh takut gagal!<br />&nbsp;<br />Simak"Prestasi Kegagalan" seseorang dan bandingkan dengan diri Anda:<br />*Gagal dalam bisnis/bangkrut, 1831<br />*Dikalahkan dalam pemilihan legislatif, 1832<br />*Bisnis kembali bangkrut, 1834<br />*Tunangan meninggal dunia, 1835<br />*Nervous breakdown, 1836<br />*Dikalahkan dalam pemilihan legislatif, 1838<br />*Dikalahkan dlm pemilihan unt <em>US Conggress</em>, 1843<br />*Dikalahkan dlm pemilihan unt<em> US Conggress</em>, 1848<br />*Dikalahkan dalam pemilihan US Senat, 1855<br />*Dikalahkan dlm pemilihan unt <em>Vice President</em>, 1856<br />*Dikalahkan dalam pemilihan US Senat, 1858<br />*1860, Abraham Lincoln, berhasil Menjadi President USA!!&nbsp; <em>You cannot fail......Unless you Quit!!<br />&nbsp;</em>Anda bayangkan selama lebih dari 25v tahun Abraham Lincoln adalah seorang "juara gagal". jadi sebenarnya kegagalan itu tidak ada selama Anda terus berjuang, bertahan, belajar dari kesalahan dan mencari cara yang lebih baik mencapai kemenangan. Lain halnya jika Anda berhenti mencoba maka pada saat itulah Anda pantas disebut sebagai orang yang gagal alias pecundang! Ingatlah bahwa "<em>Winner never quit</em>, <em>Quitters never win!!</em>"<br />&nbsp;<br /><strong>Dalil untuk mencapai kesuksesan adalah:</strong><br />&nbsp;<br /><strong>1. Anda HARUS berani menjadi sedikit "GILA"&nbsp; (dalam hal yang positif).</strong><br />&nbsp;<br />Abraham Lincoln yang gagal puluhan tahun, Thomas alfa Edison yang gagal ribuan kali dalam uji coba lampu pijar, Colombus yang mengatakan dunia ini bulat ketika orang lain mengatakan dunia ini datar, Wright bersaudara yang ingin agar manusia bisa terbang, JF Keneddy yang ingin manusia bisa ke bulan dan lain-lain adalah contoh-contoh manusia yang agak sedikit "gila" dan karena keuletan yang luar biasa hebat inilah hidup mereka bermanfaat bagi banyak orang. Jadi terkadang Anda harus berani melakukan hal-hal yang berbeda dimana&nbsp; orang biasa tidak mau dan tidak berani melakukannya.<br />&nbsp;<br />Seperti yang dikatakan oleh President Calvin Coolidge:</span></p>\r\n<p style="text-align: justify;"><span style="font-size: small;">"<strong><em>Nothing in the world can take the place of persistence, talent will not, nothing is more common than unsuccessful men with talent. Education will not; the world is full of educated derelects. Persistence and determination alone are omnipotent</em></strong>".<br />&nbsp;<br />"Tidak ada yang bisa menggantikan arti penting kegigihan dan keuletan. Bakatpun tidak, sebab ada sekian banyak orang gagal meski mereka berbakat. Pendidikan juga tidak bisa menggantikannya, sebab banyak orang berpendidikan tinggi tidak bisa mencapai apa-apa kecuali ijasahnya gerimpis dimakan jamur dan waktu. Kegigihan, keuletan dan tekat yang membara untuk mencapai tujuan hidup Anda inilah yang akan mendobrak rintangan yang Anda hadapi. Jadi jika kekalahan demi kekalahan berusaha menjegal dan menjatuhkan Anda dan kesuksesan nampaknya makin mustahil maka ingatlah pernyataan diatas, bahwa "Tidak ada yang bisa menggantikan kegigihan dan keuletan Anda!".<br /><br /><strong>2. Kendalikan Pikiran Anda</strong><br />Pikiran adalah kekuatan luar biasa yang harus bisa Anda kendalikan. Galileo bahkan pernah mengatakan "hati-hati dengan pikiran Anda". apa yang harus kita kendalikan? Pikiran negatif adalah hal yang harus bisa Anda kendalikan. Pikiran negatif memang tidak bisa kita tolak masuk ke pikiran kita, namun Anda harus melawannya dengan lebih banyak memasukkan pikiran positif.<br /><br />Anda adalah apa yang Anda pikirkan!!. Jika Anda pikir gagal, maka sebenarnya adalah Anda sudah gagal. Untuk itu sukses dimulai dari pikiran Anda!&nbsp; Anda harus memiliki sikap "<em>can do attitude</em>"&nbsp; yakni "Aku bisa melakukan hal itu". Banyak orang yang belum apa-apa sudah mengatakan"aku tidak bisa". Memang nantinya Anda akan diuji oleh kekalahan/kegagalan tapi Anda jangan berhenti, tetap jaga pikiran Anda secara positif bahwa setelah malam yang paling gelap, fajar akan segera menyingsing, disana telah menunggu istana emas. Anda cukup hanya melewati kegagalan-kegagalan saja. Ketika tiap kali hati kecil kita gundah karena belum melihat suatu hal menjadi lebih baik maka anda harus melakukan oto sugesti kepada pikiran Anda" <em>I refuse to give up, i shall continue firmly, steadly, and persistenly until my good appears</em>"<br /><br />Ingatkan diri Anda secara terus menerus bahwa sukses bukan hanya milik orang yang brilian, berbakat, penuh keberuntungan dll tetapi sukses luar biasa adalah milik orang yang persisten (pantang menyerah), yang terus berusaha mencari cara lebih baik dalam menemukan formula kemenangan meski berton-ton rintangan menghalangi Anda. Untuk menemukan emas, Anda harus menggali berton-ton tanah lumpur. Jangan pikirkan tanah lumpurnya tapi fokuskan pada emasnya!!.</span></p>\r\n<p style="text-align: justify;"><span style="font-size: small;"><strong><em>"Penemuan terbesar dalam generasi saya adalah bahwa kita dapat merubah hidup kita dengan merubah pola pikir kita</em><em>"</em></strong>(William James).<br /><br />&nbsp;<strong>3. Selesaikan apa yang telah Anda mulai.</strong><br /><br />Ya!.... Anda harus menyelesaikan apa yang telah Anda mulai rencanakan sebelumnya, jangan berhenti sebelum Anda menyelesaikan. Fokuskan sampai tujuan Anda tercapai. Sukses dan gagal memiliki perbedaan yang tipis. Tidak ada orang yang gagal didunia ini, yang ada hanyalah orang cepat menyerah. Jika Thomas Alfa Edison berhenti pada percobaan yang ke 900 mungkin namanya tidak akan melegenda hingga saat ini.<br /><br />Jangan repotkan pikiran Anda dengan kegagalan masa lalu apalagi sampai membuat Anda truma. Ubah rasa traumatik Anda, ubah kegagalan Anda menjadi energi positif untuk memperbaiki diri. Ubah energi kekalahan menjadi kekuatan baru dimana Anda akan melakukan upaya yang lebih baik dan lebih hebat dari sebelumnya.<br /><br />Jangan pernah menyesali diri ataupun iri hati karena Anda tidak terlahir dalam keluarga kaya, tidak mendapat harta warisan berlimpah, tidak dapat suami/istri kaya, tidak dikaruniai bakat, keberuntungan dll. Untuk sukses Anda hanya perlu memiliki tujuan yang jelas, persistansi dan determinasi yang keras untuk mencapai tujuan tersebut. <strong>Hidup ini keras dan Anda juga harus keras agar hidup ini melunak kepada Anda</strong>.</span></p>', NULL, '1', '2011-07-21 22:11:17');

-- --------------------------------------------------------

--
-- Table structure for table `site_news_category`
--

CREATE TABLE IF NOT EXISTS `site_news_category` (
  `news_category_id` int(10) unsigned NOT NULL AUTO_INCREMENT,
  `news_category_title` varchar(100) DEFAULT NULL,
  `news_category_is_active` enum('0','1') NOT NULL DEFAULT '1',
  PRIMARY KEY (`news_category_id`)
) ENGINE=InnoDB  DEFAULT CHARSET=latin1 COMMENT='data kategori berita' AUTO_INCREMENT=2 ;

--
-- Dumping data for table `site_news_category`
--

INSERT INTO `site_news_category` (`news_category_id`, `news_category_title`, `news_category_is_active`) VALUES
(1, 'No Category', '1');

-- --------------------------------------------------------

--
-- Table structure for table `site_page`
--

CREATE TABLE IF NOT EXISTS `site_page` (
  `page_id` int(10) unsigned NOT NULL AUTO_INCREMENT,
  `page_par_id` int(10) unsigned NOT NULL DEFAULT '0',
  `page_key` varchar(100) DEFAULT NULL,
  `page_title` varchar(100) DEFAULT NULL,
  `page_content` longtext,
  `page_location` enum('user','member','stockist') NOT NULL,
  `page_is_active` enum('0','1') NOT NULL DEFAULT '1',
  PRIMARY KEY (`page_id`)
) ENGINE=InnoDB  DEFAULT CHARSET=latin1 COMMENT='data konten halaman berupa teks & gambar' AUTO_INCREMENT=22 ;

--
-- Dumping data for table `site_page`
--

INSERT INTO `site_page` (`page_id`, `page_par_id`, `page_key`, `page_title`, `page_content`, `page_location`, `page_is_active`) VALUES
(1, 0, NULL, 'asd', '<p><br></p>', 'user', '1'),
(2, 0, NULL, 'G-Health', '<p>\r\n Lorem ipsum dolor sit amet, consectetur adipisicing elit, sed do eiusmod tempor incididunt ut labore et dolore magna aliqua. Ut enim ad minim veniam, quis nostrud exercitation ullamco laboris nisi ut aliquip ex ea commodo consequat. Duis aute irure dolor in reprehenderit in voluptate velit esse cillum dolore eu fugiat nulla pariatur. Excepteur sint occaecat cupidatat non proident, sunt in culpa qui officia deserunt mollit anim id est laborum.</p>\r\n', 'user', '1'),
(3, 0, NULL, 'G-Education', '<div class="inner-content left">\r\n<p>Kami menyadari bahwa Sumber Daya Manusia berkualitas adalah kebutuhan bangsa yang akan mencapai kemajuan dan bersaing dengan negara maju. Namun kendala muncul ketika keinginan tersebut terhenti karena masalah biaya.</p>\r\n<p>Dengan G-Education semua masalah ini bisa terselesaikan dengan konsep mencetak mahasiswa mandiri dalam pembiayaan yang tidak hanya lulus sebagai sarjana, namun sekaligus merubah paradigma dalam membuka lapangan kerja dan berhasil menjadi <em>entrepreneur education</em>.</p>\r\n<h3>Global Quality Edutama (GQE)</h3>\r\n<p>Adalah konsorsium perguruan tinggi swasta di bawah naungan Asosiasi Perguruan Tinggi Swasta Indonesia (APTISI) yang menjembatani program G-Education dengan perguruan tinggi swasta di seluruh Indonesia.</p>\r\n<h3>Our Partner</h3>\r\n<p>Dengan membeli voucher G-Education, maka Anda mendapatkan discount Rp. 3.250.000 yang berlaku di perguruan tinggi swasta yang bekerjasama dengan kami.</p>\r\n<ul>\r\n<li>Universitas Esa Unggul  (Alamat)</li>\r\n<li>STIE Kusuma Negara (Alamat)</li>\r\n<li>STIE Paripurna   (Alamat)</li>\r\n<li>LP3I Pulogadung  (Alamat)</li>\r\n</ul>\r\n</div>\r\n<div class="sliding right">\r\n<script type="text/javascript">\r\n$(document).ready(function(){\r\n$(''#slider1'').bxSlider({\r\nauto: true,\r\npager: false,\r\ncontrols:false,\r\nmode: ''vertical'',\r\n});\r\n});\r\n</script>\r\n<ul id="slider1">\r\n<li><img src="http://globalinfinite.com/beta/images/userfiles/in_GI-01.jpg" alt=""/></li>\r\n<li><img src="http://globalinfinite.com/beta/images/userfiles/in_GI-02.jpg" alt=""/></li>\r\n<li><img src="http://globalinfinite.com/beta/images/userfiles/in_GI-03.jpg" alt=""/></li>\r\n<li><img src="http://globalinfinite.com/beta/images/userfiles/in_GI-04.jpg" alt=""/></li>\r\n</ul>\r\n</div>', 'user', '1'),
(4, 0, NULL, 'G-Insani', '<div class="inner-content left">\r\n<p>Global Insani adalah program kepedulian kami terhadap kemanusiaan sebagai solusi keuangan bagi :</p>\r\n<ul>\r\n<li>Penambahan modal Usaha Perdagangan</li>\r\n<li>Program Religi :\r\n<ul>\r\n<li>Talangan Biaya Haji dan Umroh</li>\r\n<li>Wisata Rohani Holy Land</li>\r\n<li>Penyempurnaan Kremasi</li>\r\n</ul>\r\n</li>\r\n</ul>\r\n<p>Dengan keanekaragaman kebutuhan umat manusia, G-Insani hadir sebagai mitra yang memberikan solusi bagi usaha dan penyempurnaan peribadatan kepada Tuhan YME.</p>\r\n<h3>Talangan Modal Usaha Perdagangan</h3>\r\n<p>Perputaran keuangan (cash flow) sebagai kunci lancarnya usaha seringkali dibutuhan penambahan modal usaha (modal investasi dan modal kerja) sehingga pengusaha bisa mengendalikan roda perusahaan lebih laju.</p>\r\n<h3>Talangan Biaya Haji dan Umroh</h3>\r\n<p>Kesempurnaan beribadah Haji dan Umroh adalah dambaan setiap insan yang merindukan Tuhannya, namun terkadang terkendala oleh masalah keuangan. G-Insani memberikan solusi penalangan biaya haji dan umroh sehingga Jamaah bisa lebih mudah merencanakan Ibadah. Sekaligus memberikan solusi cara mengangsur dengan program Cycle.</p>\r\n<h3>Wisata Rohani Holy Land</h3>\r\n<p>Mengenang perjalanan para utusan Tuhan sekaligus melihat KuasaNya adalah kebutuhan rohani yang sangat mendasar dan menjadi kenangan yang tak terlupakan. G-Insani memiliki program Cycle yang membuat kita bisa saling membantu memenuhi kebutuhan rohani saudara-saudara kita.</p>\r\n<h3>Penyempurnaan Kremasi</h3>\r\n<p>Dambaan bagi Insan yang berbakti kepada leluhurnya adalah bisa menghantarkan ke tempat keabadian (Moksha). Proses penyempurnaan ini terkadang lama dilakukan karena terkendala masalah biaya. G-Insani memberikan solusi pemenuhan biaya ini dengan program Cycle yang sangat bermanfaat.</p>\r\n<h3>How?</h3>\r\n<p>G-Insani memberikan keluasan kepada setiap insan yang berkehendak menyempurnakan ibadahnya dengan program tabungan. Caranya :</p>\r\n<ol>\r\n<li>Menabung di BM Globalinsani Rp. 4.000.000 dengan rincian :\r\n<ul>\r\n<li>Tabungan awal Rp. 250.000</li>\r\n<li>DP Program Religi Rp. 3.500.000</li>\r\n<li>Biaya Admin Rp. 250.000</li>\r\n</ul>\r\n</li>\r\n<li>Setelah itu kita berhak mengikuti Program Cycle yang membuat kita bisa mendapatkan bagi hasil atas referensi yang telah kita lakukan.</li>\r\n<li>Share Cycle Manager Rp. 4.000.000 dan Share Cycle Director Rp. 45.000.000, dengan inilah kita bisa menunaikan kerinduan kita kepada pemenuhan kebutuhan rohani.</li>\r\n</ol>\r\n</div>\r\n<div class="sliding right">\r\n<script type="text/javascript">\r\n$(document).ready(function(){\r\n$(''#slider1'').bxSlider({\r\nauto: true,\r\npager: false,\r\ncontrols:false,\r\nmode: ''vertical'',\r\n});\r\n});\r\n</script>\r\n<ul id="slider1">\r\n<li><img src="http://globalinfinite.com/beta/images/userfiles/in_HJ-01.jpg" alt=""/></li>\r\n<li><img src="http://globalinfinite.com/beta/images/userfiles/in_HJ-02.jpg" alt=""/></li>\r\n<li><img src="http://globalinfinite.com/beta/images/userfiles/in_HJ-03.jpg" alt=""/></li>\r\n<li><img src="http://globalinfinite.com/beta/images/userfiles/in_HJ-04.jpg" alt=""/></li>\r\n</ul>\r\n</div>', 'user', '1'),
(5, 0, NULL, 'G-Tech', 'Lorem ipsum dolor sit amet, consectetur adipisicing elit, sed do eiusmod tempor incididunt ut labore et dolore magna aliqua. Ut enim ad minim veniam, quis nostrud exercitation ullamco laboris nisi ut aliquip ex ea commodo consequat. Duis aute irure dolor in reprehenderit in voluptate velit esse cillum dolore eu fugiat nulla pariatur. Excepteur sint occaecat cupidatat non proident, sunt in culpa qui officia deserunt mollit anim id est laborum.', 'user', '1'),
(6, 0, NULL, 'Support', 'Lorem ipsum dolor sit amet, consectetur adipisicing elit, sed do eiusmod tempor incididunt ut labore et dolore magna aliqua. Ut enim ad minim veniam, quis nostrud exercitation ullamco laboris nisi ut aliquip ex ea commodo consequat. Duis aute irure dolor in reprehenderit in voluptate velit esse cillum dolore eu fugiat nulla pariatur. Excepteur sint occaecat cupidatat non proident, sunt in culpa qui officia deserunt mollit anim id est laborum.', 'user', '1'),
(7, 0, NULL, 'Profile', 'Lorem ipsum dolor sit amet, consectetur adipisicing elit, sed do eiusmod tempor incididunt ut labore et dolore magna aliqua. Ut enim ad minim veniam, quis nostrud exercitation ullamco laboris nisi ut aliquip ex ea commodo consequat. Duis aute irure dolor in reprehenderit in voluptate velit esse cillum dolore eu fugiat nulla pariatur. Excepteur sint occaecat cupidatat non proident, sunt in culpa qui officia deserunt mollit anim id est laborum.', 'user', '1'),
(8, 0, NULL, 'Contact', 'Lorem ipsum dolor sit amet, consectetur adipisicing elit, sed do eiusmod tempor incididunt ut labore et dolore magna aliqua. Ut enim ad minim veniam, quis nostrud exercitation ullamco laboris nisi ut aliquip ex ea commodo consequat. Duis aute irure dolor in reprehenderit in voluptate velit esse cillum dolore eu fugiat nulla pariatur. Excepteur sint occaecat cupidatat non proident, sunt in culpa qui officia deserunt mollit anim id est laborum.', 'user', '1'),
(9, 0, NULL, 'Grand Launching', '<div class="inner-content left">\r\n<p>Tidak terasa 50 tahun lebih kami berkarya, adalah kebanggan bagi kami bisa mendampingi para mitra usaha selama ini. Segala usaha untuk memberikan pelayanan terbaik senantiasa kami tingkatkan. \r\nDalam rangka berbagi kebahagiaan atas pengembangan divisi usaha kami yang baru, maka kami mengundang Bpk/Ibu/Sdr/i untuk bisa hadir di acara Tasyakuran Akbar yang akan selenggarakan pada:</p>\r\n<p>\r\nHari, Sabtu<br/>\r\nTanggal, 12 November 2011<br/>\r\nWaktu, 12.30 WIB<br/>\r\nTempat, GOR Indoor BIMA Cirebon, Jl. Brigjen Dharsono, Bypass - Cirebon\r\n</p>\r\n<p>Acara tersebut akan dihadiri oleh 5.000 undangan mitra usaha di seluruh wilayah Jawa Barat, Banten, dan Jakarta, juga dihadiri oleh Pemerintah Daerah sebagai saksi sejarah Grand Lounching program kepedulian kami terhadap masyarakat. Diantara program tersebut adalah :</p>\r\n<ul>\r\n<li>Kerjasama dan pemberian permodalan bagi mitra usaha.</li>\r\n<li>Kerjasama dan pemberian dana talangan haji dan umroh bagi mitra usaha.</li>\r\n<li>Kerjasama dan pemberian dana talangan pembelian Emas / Logam Mulia 24K.</li>\r\n<li>Program Membangun Usaha Mandiri bagi masyarakat luas.</li>\r\n</ul>\r\n<p>Demikian pentingnya acara ini, maka kami harapkan bisa hadir 30 menit sebelum acara dimulai. Semoga kegiatan ini bisa memberikan makna bagi bangsa dan negara tercinta.</p>\r\n<br/>\r\n<p>Hormat kami,</p>\r\n<br/><img src="http://globalinfinite.com/beta/images/userfiles//ttd_basuni.png" alt=""/><br/>\r\n<p><strong>H. Basuni Plawiranegara</strong><br/>\r\nDirektur Utama PT. Surabraja Mandiri</p>\r\n</div>\r\n<div class="right">\r\n<img src="http://globalinfinite.com/beta/images/userfiles//h_basuni.jpg" alt="H. Basuni"/>\r\n</div>', 'user', '1'),
(10, 0, NULL, 'Haji dan Umroh', '<div class="inner-content left">\r\n<p>Setiap insan yang merindukan kesempurnaan ibadah selalu berharap bisa memenuhi semua perintah Tuhannya. Islam menegaskan bahwa setiap pribadi yang ingin membangun Agamanya dengan sempurna mestilah melakukan lima perkara, sebagaimana telah di sabdakan Rasulullah Muhammad SAW :</p>\r\n<p><img src="http://globalinfinite.com/beta/images/userfiles/hadist_1.png" alt="" width="100%"/></p>\r\n<p><em>Diriwayatkan dari Abu Abdurrahman Abdullah bin Umar bin Khathab ra, dia berkata: Aku mendengar Rasulullah bersabda: Islam dibangun di atas lima perkara yaitu bersaksi bahwa tiada ilah selain Allah dan Muhammad utusan Allah, mendirikan shalat, menunaikan zakat, melaksanakan haji ke Baitullah dan berpuasa pada bulan Ramadhan. (Riwayat Turmuzi dan Muslim)</em></p>\r\n<p>Lebih khusus, panggilan haji telah dikumandangkan Ibrahim AS sebagai perintah Tuhannya kepada umat manusia sejak ribuan tahun yang lalu. Namun demikian tidak semua orang bisa memenuhi panggilan itu dengan berbagai kendala, diantaranya kemampuan keuangan atau financial.</p>\r\n<p>Banyak cara halal dilakukan oleh siapa saja yang berkeinginan menunaikan ibadah haji, diantaranya dengan program penalangan biaya ibadah haji dari Bank Syariah. Namun masalahnya tidak cukup sampai di situ saja, pertanyaannya adalah bagaimana cara melunasi biaya penalangan tersebut? Secara statistik banyak diantara calon jamaah yang telah mendapatkan porsi haji ternyata batal menunaikannya karena masalah pelunasan biaya sebelum pemberangkatan.</p>\r\n<p>Alhamdulillah.. Globalinfinite hadir sebagai bagian dari cara meningkatkan kemampuan diri untuk bisa memenuhi panggilan haji dengan program referensi dan system cycle.</p>\r\n<p>Program ini hasil kerjasama Globalinfinite dengan Bank Mega Syariah melalui koordinator Globalinfinite di setiap daerah di Indonesia. Sehingga calon jamaah dipastikan mendapatkan porsi hajinya sesuai kuota daerah setempat. </p>\r\n<p>Untuk bisa mendapatkan porsi haji, calon jamaah mengeluarkan dana hanya 4 juta di Bank Mega Syariah (melalui koordinator Globalinfinite setempat). Dana tersebut dialokasikan untuk :</p>\r\n<ul>\r\n<li>Tabungan awal Rp. 600.000</li>\r\n<li>Setoran BPIH Rp. 1.000.000 (plus dana talangan dari Bank Mega Syariah 24 juta untuk mendaftar di Siskohaj dan mendapatkan porsi haji dari kantor Depag setempat. Biaya penebusan porsi haji saat ini adalah 25 juta). Biaya penalangan inilah yang diangsur oleh calon jamaah selama satu tahun. Besarnya angsuran tidak ditentukan, prinsipnya calon jamaah bisa melunasi dalam jangka waktu satu tahun. Jika tidak selesai dalam satu tahun, maka calon jamaah bisa memperpanjang waktu pelunasan pada tahun berikutnya hingga sebelum pemberangkatan.</li>\r\n<li>Biaya Ujroh tahun pertama Rp. 1.900.000 (Jika calon jamaah memperpanjang masa pembayaran, maka biaya Ujroh ini dikenakan kambali pada tahun berikutnya). </li>\r\n<li>Biaya administrasi Rp. 500.000</li>\r\n</ul>\r\n<p>Sebagaimana telah dibahas sebelumnya, pertanyaannya adalah bagaimana cara melunasinya? Tentu saja bisa dilakukan dengan dua cara :</p>\r\n<ol>\r\n<li>Mengangsur secara konvensional, yaitu menyisihkan dari hasil kerja dan usaha kita kemudian ditabungkan ke rekening Bank Mega Syariah. Atau cara kedua, yaitu,</li>\r\n<li>Mengikuti program referensi Umroh yang diselenggarakan oleh Baitul Mal Globalinsani. Yaitu menabung 4 juta dengan dengan alokasi dana :\r\n<ul>\r\n<li>Tabungan Jamaah Rp. 250.000</li>\r\n<li>DP Umroh Rp. 3.500.000 (Dari total biaya Umroh sesuai waktu pemberangkatan).</li>\r\n<li>Biaya Administrasi Rp. 250.000</li>\r\n</ul>\r\n<p>Dari program umroh ini <strong>(pembayaran hanya sekali saja dan berlaku tanpa batas waktu!)</strong>, nasabah bisa mengikuti program referensi dan cycle yang diselenggarakan oleh Globalinfinite. </p>\r\n<p>Selain itu, bagi calon jamaah umroh yang ingin menunaikan ibadahanya bisa mendapatkan kemudahan dengan dana talangan biaya umroh yang bisa diangsur setelah pulang dari tanah suci. Program ini hasil kerjasama Baitul Mal Globalinsani dengan Bank Syariah Mandiri <em>(dengan syarat dan ketentuan berlaku umum)</em>.</p>\r\n</li>\r\n</ol>\r\n<p>Semoga program ini bermanfaat bagi Insan yang merindukan kesempurnaan Ibadah.</p>\r\n<center><img src="http://globalinfinite.com/beta/images/userfiles/sekema-haji-umroh.png" alt="" width="90%"/></center>\r\n</div>\r\n<div class="sliding right">\r\n<script type="text/javascript">\r\n$(document).ready(function(){\r\n$(''#slider1'').bxSlider({\r\nauto: true,\r\npager: false,\r\ncontrols:false,\r\nmode: ''vertical'',\r\n});\r\n});\r\n</script>\r\n<ul id="slider1">\r\n<li><img src="http://globalinfinite.com/beta/images/userfiles/in_HJ-01.jpg" alt=""/></li>\r\n<li><img src="http://globalinfinite.com/beta/images/userfiles/in_HJ-02.jpg" alt=""/></li>\r\n<li><img src="http://globalinfinite.com/beta/images/userfiles/in_HJ-03.jpg" alt=""/></li>\r\n<li><img src="http://globalinfinite.com/beta/images/userfiles/in_HJ-04.jpg" alt=""/></li>\r\n</ul>\r\n</div>', 'user', '1'),
(11, 0, NULL, 'GI Opportunity', '<div id="content" class="clearfix">\r\n<div class="index-content">\r\n<div class="left">\r\n<img src="http://globalinfinite.com/beta/images/userfiles/baner-gi-1.jpg" alt=""/>\r\n</div>\r\n<div class="right">\r\n<a href="http://globalinfinite.com/beta/page/show/11/gi-opportunity" class="selected">\r\n<img src="http://globalinfinite.com/beta/images/userfiles/thumb-gi-3.jpg" alt="" align="left"/>\r\n<span><strong>Business Opportunity</strong><br/>Ditunjang dengan konsep pemasaran berjenjang dengan sistem kompensasi yang besar  konsep network </span>\r\n</a>\r\n<a href="http://globalinfinite.com/beta/page/show/13/cabang">\r\n<img src="http://globalinfinite.com/beta/images/userfiles/thumb-gi-1.jpg" alt="" align="left"/>\r\n<span><strong>Cabang Kami</strong><br/>Dengan kekuatan jalur distribusi yang dimiliki PT. SBM di setiap cabang :</span>\r\n</a>\r\n<a href="http://globalinfinite.com/beta/page/show/14/market">\r\n<img src="http://globalinfinite.com/beta/images/userfiles/thumb-gi-2.jpg" alt="" align="left"/>\r\n<span><strong>Global Market</strong><br/>Tahun 2011 PT. SBM membuka difersifikasi usaha Global Infinite dengan konsep network </span>\r\n</a>\r\n</div>\r\n<div class="clear"></div>\r\n</div>\r\n<h2>Global Infinite</h2>\r\n<div class="inner-content left">\r\n<h3>Bussiness Opportunity</h3>\r\n<p>Adalah merk dagang dari PT. Surabraja Mandiri (SBM) yang telah berdiri sejak tahun 1960 di Kota Udang, Cirebon. Memiliki segudang pengalaman dan prestasi di bidang industri. Dengan konsep produksi Just In Time (JIT) sebagaimana yang dilakukan oleh TOYOTA, dan metode penanganan reduce defect dengan konsep Six Sigma, metode produksi menuju zero defect yang dilakukan oleh MOTOROLA.</p>\r\n<p>Ditunjang dengan konsep pemasaran berjenjang dengan sistem kompensasi yang besar dan proporsional menjamin perusahaan aman dan mitra usaha nyaman dalam mengembangkan bisnisnya.</p>\r\n<p>Langkah pertama bagi calon mitra usaha adalah menjadi distributor dengan produk kebutuhan dasar manusia. </p>\r\n</div>\r\n<div class="sliding right">\r\n<script type="text/javascript">\r\n$(document).ready(function(){\r\n$(''#slider1'').bxSlider({\r\nauto: true,\r\npager: false,\r\ncontrols:false,\r\nmode: ''vertical'',\r\n});\r\n});\r\n</script>\r\n<ul id="slider1">\r\n<li><img src="http://globalinfinite.com/beta/images/userfiles/in_GI-01.jpg" alt=""/></li>\r\n<li><img src="http://globalinfinite.com/beta/images/userfiles/in_GI-02.jpg" alt=""/></li>\r\n<li><img src="http://globalinfinite.com/beta/images/userfiles/in_GI-03.jpg" alt=""/></li>\r\n<li><img src="http://globalinfinite.com/beta/images/userfiles/in_GI-04.jpg" alt=""/></li>\r\n</ul>\r\n</div>\r\n</div><!-- #content-->', 'user', '1'),
(12, 0, NULL, 'Rewards', '<div class="inner-content left">\r\n<p>Globalinfinite memandang penghargaan adalah mutlak harus diberikan bagi Independent Global Entrepreneur (IGE) yang berprestasi. Untuk itulah kami memberikan penghargaan sebagai komitmen atas kerja mitra usaha.</p>\r\n<ol>\r\n<li>Umroh GRATIS : \r\n<p>Persyaratan : Cycle Director hingga bulan Desember 2011.</p>\r\n</li>\r\n<li>Mobil Mewah atau Rumah Mewah senilai 1,3 M\r\n<p>Persyaratan : Mencapai Tahap 9 Program Cycle dan Akumulasi poin total group = 80 KPO dari  minimal 3 jalur yang berbeda (masing-masing 27 KPO). Poin diperoleh dari :</p>\r\n<ul>\r\n<li>Setiap total pembelanjaan produk 1 juta menghasilkan 1 poin (pembelanjaan group).</li>\r\n<li>Setiap upgrade factory Really-G menghasilkan 4 poin, sehingga dengan mencapai Tahap 9 kita bisa qualified.</li>\r\n</ul>\r\n<p>Persyaratan : Berlaku selama 2 (dua) tahun setelah bergabung.</p>\r\n</li>\r\n</ol>\r\n</div>\r\n<div class="sliding right">\r\n<script type="text/javascript">\r\n$(document).ready(function(){\r\n$(''#slider1'').bxSlider({\r\nauto: true,\r\npager: false,\r\ncontrols:false,\r\nmode: ''vertical'',\r\n});\r\n});\r\n</script>\r\n<ul id="slider1">\r\n<li><img src="http://globalinfinite.com/beta/images/userfiles/rw-01.jpg" alt=""/></li>\r\n<li><img src="http://globalinfinite.com/beta/images/userfiles/rw-02.jpg" alt=""/></li>\r\n<li><img src="http://globalinfinite.com/beta/images/userfiles/rw-03.jpg" alt=""/></li>\r\n<li><img src="http://globalinfinite.com/beta/images/userfiles/rw-04.jpg" alt=""/></li>\r\n</ul>\r\n</div>', 'user', '1'),
(13, 0, NULL, 'Cabang', '<script type="text/javascript" src="http://maps.google.com/maps?file=api&amp;v=2&amp;key=ABQIAAAA94eDRXsUqVz2_riM2Ny47hQzab6TJgljeYhpIsv-55Cl8GG_8xSEYcWSsJ6lDAyt6fiqIhkwqYZNxw"></script>\r\n<script type="text/javascript" src="http://globalinfinite.com/beta/js/jquery.gmap-1.1.0-min.js"></script>\r\n\r\n<script type="text/javascript"> \r\n$(function(){\r\n$("#map5").gMap({ \r\n//controls: false,\r\n//scrollwheel: false,\r\nmarkers: [{\r\n//latitude:-6.894866,\r\n//longitude:107.604103,\r\naddress: ''Bandung, Indonesia'',\r\nhtml:''<h3>Bandung</h3>'',\r\nicon: {image: "http://globalinfinite.com/beta/images/userfiles/gmap_pin.png",iconsize: [18, 32],iconanchor: [12, 32],infowindowanchor: [12, 0]}\r\n},{\r\naddress: ''Bekasi, Indonesia'',\r\nhtml:''<h3>Bekasi</h3>'',\r\nicon: {image: "http://globalinfinite.com/beta/images/userfiles/gmap_pin.png",iconsize: [18, 32],iconanchor: [12, 32],infowindowanchor: [12, 0]}\r\n},{\r\naddress: ''Banten, Indonesia'',\r\nhtml:''<h3>Banten</h3>'',\r\nicon: {image: "http://globalinfinite.com/beta/images/userfiles/gmap_pin.png",iconsize: [18, 32],iconanchor: [12, 32],infowindowanchor: [12, 0]}\r\n},{\r\naddress: ''Semarang, Indonesia'',\r\nhtml:''<h3>Semarang</h3>'',\r\nicon: {image: "http://globalinfinite.com/beta/images/userfiles/gmap_pin.png",iconsize: [18, 32],iconanchor: [12, 32],infowindowanchor: [12, 0]}\r\n},{\r\naddress: ''Madiun, Indonesia'',\r\nhtml:''<h3>Madiun</h3>'',\r\nicon: {image: "http://globalinfinite.com/beta/images/userfiles/gmap_pin.png",iconsize: [18, 32],iconanchor: [12, 32],infowindowanchor: [12, 0]}\r\n},{\r\naddress: ''Surabaya, Indonesia'',\r\nhtml:''<h3>Surabaya</h3>'',\r\nicon: {image: "http://globalinfinite.com/beta/images/userfiles/gmap_pin.png",iconsize: [18, 32],iconanchor: [12, 32],infowindowanchor: [12, 0]}\r\n},{\r\naddress: ''Bali, Indonesia'',\r\nhtml:''<h3>Bali</h3>'',\r\nicon: {image: "http://globalinfinite.com/beta/images/userfiles/gmap_pin.png",iconsize: [18, 32],iconanchor: [12, 32],infowindowanchor: [12, 0]}\r\n},{\r\naddress: ''Bima, Indonesia'',\r\nhtml:''<h3>Bima</h3>'',\r\nicon: {image: "http://globalinfinite.com/beta/images/userfiles/gmap_pin.png",iconsize: [18, 32],iconanchor: [12, 32],infowindowanchor: [12, 0]}\r\n},{\r\naddress: ''Kupang, Indonesia'',\r\nhtml:''<h3>Kupang</h3>'',\r\nicon: {image: "http://globalinfinite.com/beta/images/userfiles/gmap_pin.png",iconsize: [18, 32],iconanchor: [12, 32],infowindowanchor: [12, 0]}\r\n},{\r\naddress: ''Manado, Indonesia'',\r\nhtml:''<h3>Manado</h3>'',\r\nicon: {image: "http://globalinfinite.com/beta/images/userfiles/gmap_pin.png",iconsize: [18, 32],iconanchor: [12, 32],infowindowanchor: [12, 0]}\r\n},{\r\naddress: ''Ambon, Indonesia'',\r\nhtml:''<h3>Ambon</h3>'',\r\nicon: {image: "http://globalinfinite.com/beta/images/userfiles/gmap_pin.png",iconsize: [18, 32],iconanchor: [12, 32],infowindowanchor: [12, 0]}\r\n},{\r\naddress: ''Pontianak, Indonesia'',\r\nhtml:''<h3>Pontianak</h3>'',\r\nicon: {image: "http://globalinfinite.com/beta/images/userfiles/gmap_pin.png",iconsize: [18, 32],iconanchor: [12, 32],infowindowanchor: [12, 0]}\r\n},{\r\naddress: ''Bangka Belitung, Indonesia'',\r\nhtml:''<h3>Bangka Belitung</h3>'',\r\nicon: {image: "http://globalinfinite.com/beta/images/userfiles/gmap_pin.png",iconsize: [18, 32],iconanchor: [12, 32],infowindowanchor: [12, 0]}\r\n},{\r\naddress: ''Lampung, Indonesia'',\r\nhtml:''<h3>Lampung</h3>'',\r\nicon: {image: "http://globalinfinite.com/beta/images/userfiles/gmap_pin.png",iconsize: [18, 32],iconanchor: [12, 32],infowindowanchor: [12, 0]}\r\n},{\r\naddress: ''Palembang, Indonesia'',\r\nhtml:''<h3>Palembang</h3>'',\r\nicon: {image: "http://globalinfinite.com/beta/images/userfiles/gmap_pin.png",iconsize: [18, 32],iconanchor: [12, 32],infowindowanchor: [12, 0]}\r\n},{\r\naddress: ''Batam, Indonesia'',\r\nhtml:''<h3>Batam</h3>'',\r\nicon: {image: "http://globalinfinite.com/beta/images/userfiles/gmap_pin.png",iconsize: [18, 32],iconanchor: [12, 32],infowindowanchor: [12, 0]}\r\n},{\r\naddress: ''Bengkulu, Indonesia'',\r\nhtml:''<h3>Bengkulu </h3>'',\r\nicon: {image: "http://globalinfinite.com/beta/images/userfiles/gmap_pin.png",iconsize: [18, 32],iconanchor: [12, 32],infowindowanchor: [12, 0]}\r\n}],\r\naddress: ''Indonesia'',\r\nzoom: 4\r\n});\r\n});\r\n</script>\r\n<div class="inner-content left">\r\n<h3>Cabang Kami</h3>\r\n<p>Dengan kekuatan jalur distribusi yang dimiliki PT. SBM di setiap cabang :  Bandung, Bekasi, Banten, Semarang, Madiun, Surabaya, Bali, Bima, Kupang, Manado, Ambon, Pontianak, Bangka Belitung, Lampung, Palembang, Batam dan Bengkulu. Menjadikan perusahaan ini bisa menguasai pasar di seluruh Indonesia.</p>\r\n\r\n<div id="map5" style="width: 608px; height: 270px; overflow: hidden;"></div> \r\n</div>\r\n\r\n<div class="sliding right">\r\n<script type="text/javascript">\r\n$(document).ready(function(){\r\n$(''#slider1'').bxSlider({\r\nauto: true,\r\npager: false,\r\ncontrols:false,\r\nmode: ''vertical'',\r\n});\r\n});\r\n</script>\r\n<ul id="slider1">\r\n<li><img src="http://globalinfinite.com/beta/images/userfiles/in_GI-01.jpg" alt=""/></li>\r\n<li><img src="http://globalinfinite.com/beta/images/userfiles/in_GI-02.jpg" alt=""/></li>\r\n<li><img src="http://globalinfinite.com/beta/images/userfiles/in_GI-03.jpg" alt=""/></li>\r\n<li><img src="http://globalinfinite.com/beta/images/userfiles/in_GI-04.jpg" alt=""/></li>\r\n</ul>\r\n\r\n</div>', 'user', '1'),
(14, 0, NULL, 'Market', '<div id="content" class="clearfix">\r\n<div class="index-content">\r\n<div class="left">\r\n<img src="http://globalinfinite.com/beta/images/userfiles/baner-gi-1.jpg" alt=""/>\r\n</div>\r\n<div class="right">\r\n<a href="http://globalinfinite.com/beta/page/show/11/global-infinite-opportunity" class="selected">\r\n<img src="http://globalinfinite.com/beta/images/userfiles/thumb-gi-3.jpg" alt="" align="left"/>\r\n<span><strong>Business Opportunity</strong><br/>Ditunjang dengan konsep pemasaran berjenjang dengan sistem kompensasi yang besar  konsep network </span>\r\n</a>\r\n<a href="http://globalinfinite.com/beta/page/show/13/cabang">\r\n<img src="http://globalinfinite.com/beta/images/userfiles/thumb-gi-1.jpg" alt="" align="left"/>\r\n<span><strong>Cabang Kami</strong><br/>Dengan kekuatan jalur distribusi yang dimiliki PT. SBM di setiap cabang :</span>\r\n</a>\r\n<a href="http://globalinfinite.com/beta/page/show/14/market">\r\n<img src="http://globalinfinite.com/beta/images/userfiles/thumb-gi-2.jpg" alt="" align="left"/>\r\n<span><strong>Global Market</strong><br/>Tahun 2011 PT. SBM membuka difersifikasi usaha Global Infinite dengan konsep network </span>\r\n</a>\r\n</div>\r\n<div class="clear"></div>\r\n</div>\r\n\r\n<h2>Global Infinite</h2>\r\n<div class="inner-content left">\r\n<h3>Bussiness Opportunity</h3>\r\n<p>Adalah merk dagang dari PT. Surabraja Mandiri (SBM) yang telah berdiri sejak tahun 1960 di Kota Udang, Cirebon. Memiliki segudang pengalaman dan prestasi di bidang industri. Dengan konsep produksi Just In Time (JIT) sebagaimana yang dilakukan oleh TOYOTA, dan metode penanganan reduce defect dengan konsep Six Sigma, metode produksi menuju zero defect yang dilakukan oleh MOTOROLA.</p>\r\n<p>Ditunjang dengan konsep pemasaran berjenjang dengan sistem kompensasi yang besar dan proporsional menjamin perusahaan aman dan mitra usaha nyaman dalam mengembangkan bisnisnya.</p>\r\n<p>Langkah pertama bagi calon mitra usaha adalah menjadi distributor dengan produk kebutuhan dasar manusia. </p>\r\n</div>\r\n<div class="sliding right">\r\n<script type="text/javascript">\r\n$(document).ready(function(){\r\n$(''#slider1'').bxSlider({\r\nauto: true,\r\npager: false,\r\ncontrols:false,\r\nmode: ''vertical'',\r\n});\r\n});\r\n</script>\r\n<ul id="slider1">\r\n<li><img src="http://globalinfinite.com/beta/images/userfiles/in_GI-01.jpg" alt=""/></li>\r\n<li><img src="http://globalinfinite.com/beta/images/userfiles/in_GI-02.jpg" alt=""/></li>\r\n<li><img src="http://globalinfinite.com/beta/images/userfiles/in_GI-03.jpg" alt=""/></li>\r\n<li><img src="http://globalinfinite.com/beta/images/userfiles/in_GI-04.jpg" alt=""/></li>\r\n</ul>\r\n\r\n</div>\r\n\r\n</div><!-- #content-->', 'user', '1'),
(15, 0, NULL, 'Memulai Bisnis', '<div id="content" class="clearfix">\r\n<div class="index-content">\r\n<div class="left">\r\n<img src="http://globalinfinite.com/beta/images/userfiles/baner-mb-3.jpg" alt=""/>\r\n</div>\r\n<div class="right">\r\n<a href="http://globalinfinite.com/beta/page/show/20/ikhtisar">\r\n<img src="http://globalinfinite.com/beta/images/userfiles/thumb-mb_1.jpg" alt="" align="left"/>\r\n<span><strong>Ikhtisar</strong><br/>Globalinfinite peduli dan membantu Anda meraih pencapaian kesuksesan dalam artian memberikan penghasilan tambahan yang bisa </span>\r\n</a>\r\n<a href="http://globalinfinite.com/beta/page/show/21/how-to-work">\r\n<img src="http://globalinfinite.com/beta/images/userfiles/thumb-mb_2.jpg" alt="" align="left"/>\r\n<span><strong>Bagaimana Global Infinite Bekerja</strong><br/>Global Infinte berkeyakinan bahwa bekerja keras harus mendapatkan penghargaan yang layak. </span>\r\n</a>\r\n<a href="http://globalinfinite.com/beta/page/show/15/memulai-bisnis" class="selected"> \r\n<img src="http://globalinfinite.com/beta/images/userfiles/thumb-mb_3.jpg" alt="" align="left"/>\r\n<span><strong>Memulai Bisnis Bersama Kami</strong><br/>Untuk memulai bisnis bersama kami, Anda membutuhkan ID Business Number</span>\r\n</a>\r\n</div>\r\n<div class="clear"></div>\r\n</div>\r\n\r\n<h2>Memulai Bisnis</h2>\r\n<div class="inner-content left">\r\n<h3>Memulai Bisnis Bersama Global Infinite</h3>\r\n<p>Ijinkan kami membantu Anda untuk memulai bisnis.</p>\r\n<p>Untuk memulai bisnis bersama kami, Anda membutuhkan ID Business Number dengan cara menjadi Independent Global Entrepreneur (IGE). Konsep bisnis kami selalu terhubung dengan pereferensi (orang yang sudah menjadi IGE). Kami percaya bahwa Anda mengetahui informasi ini melalui IGE yang mereferensikan kepada Anda. Mintalah saran dari pereferensi Anda menganai cara registrasi dan jenis upgrade yang akan Anda pilih. Pilihan Anda menentukan langkah selanjutnya untuk menggapai cita-cita.</p>\r\n<p><strong><a href="http://globalinfinite.com/beta/registrasi" target="_blank">START NOW</a> | </strong>Sudah menjadi member? <strong><a href="http://globalinfinite.com/beta/member/login" target="_blank">LOGIN</a></strong></p> \r\n</div>\r\n<div class="sliding right">\r\n<script type="text/javascript">\r\n$(document).ready(function(){\r\n$(''#slider1'').bxSlider({\r\nauto: true,\r\npager: false,\r\ncontrols:false,\r\nmode: ''vertical'',\r\n});\r\n});\r\n</script>\r\n<ul id="slider1">\r\n<li><img src="http://globalinfinite.com/beta/images/userfiles/in_mb_01.jpg" alt=""/></li>\r\n<li><img src="http://globalinfinite.com/beta/images/userfiles/in_mb_02.jpg" alt=""/></li>\r\n<li><img src="http://globalinfinite.com/beta/images/userfiles/in_mb_03.jpg" alt=""/></li>\r\n<li><img src="http://globalinfinite.com/beta/images/userfiles/in_mb_04.jpg" alt=""/></li>\r\n</ul>\r\n\r\n</div>\r\n\r\n</div><!-- #content-->', 'user', '1'),
(16, 0, NULL, 'Perencanaan Pemasaran', NULL, 'user', '1'),
(17, 0, NULL, 'Produk Terbaru Saat Ini', NULL, 'user', '1'),
(18, 0, NULL, 'Block Middle', '<div class="bottom clearfix">\r\n<div class="box">\r\n<h3>Memulai Bisnis</h3>\r\n<div class="box-inner clearfix">\r\n<div class="img"><img src="http://globalinfinite.com/beta/images/userfiles/img-1.jpg" alt=""/></div>\r\n<div class="box-ct">Global Infinite peduli dan membantu Anda meraih pencapaian kesuksesan dalam artian memberikan penghasilan tambahan yang bisa membahagiakan keluarga dan orang-orang yang Anda cintai. Pada prinsipnya : Kami membantu Anda mencapai semua cita-cita..<a href="http://globalinfinite.com/beta/page/show/15/memulai-bisnis" class="more">&nbsp;</a></div>\r\n</div>\r\n</div>\r\n<div class="box mid">\r\n<h3>Perencanaan Pemasaran</h3>\r\n<div class="box-inner clearfix">\r\n<div class="img"><img src="http://globalinfinite.com/beta/images/userfiles/img-2.jpg" alt=""/></div>\r\n<div class="box-ct">Global Infinite adalah merek dagang dari PT. Surabraja Mandiri, sebuah perusahaan yg telah memiliki pengalaman dibidang industri makanan dan distribusi sejak th 1960 dengan segudang prestasi dari segi kualitas dan memiliki kekuatan pemasaran yang terletak pada penguasaan jalur distribusi.<a href="http://globalinfinite.com/beta/page/show/16/perencanaan-pemasaran" class="more">&nbsp;</a></div>\r\n</div>\r\n</div>\r\n<div class="box last">\r\n<h3>Produk Terbaru Saat Ini</h3>\r\n<div class="box-inner clearfix">\r\n<div class="img"><img src="http://globalinfinite.com/beta/images/userfiles/img-3.jpg" alt=""/></div>\r\n<div class="box-ct">Disini Anda dapat mengisi materi Artikel ataupun materi yg sedang hangat seputar perusahaan baik mengenai Produk yang sedang dipromosikan, ataupun artikel tentang motivasi para member & para leader serta beberapa materi yg dirasa cukup kompeteten untuk ditampilkan dan dibaca baik media Audio ataupun visual.<a href="http://globalinfinite.com/beta/page/show/17/produk-terbaru-saat-ini" class="more">&nbsp;</a></div>\r\n</div>\r\n</div>\r\n</div>', 'user', '1'),
(19, 0, NULL, 'Block Bottom', '<div class="box-info left">\r\n<h3>Brand Kami</h3>\r\n<ul>\r\n<li><a href="http://alqolam.com" target="_blank">Al Qolam</a></li>\r\n<li><a href="#">Branding Perusahaan 2</a></li>\r\n<li><a href="#">Branding Perusahaan 3</a></li>\r\n<li><a href="#">Branding Perusahaan 4</a></li>\r\n<li><a href="#">Branding Perusahaan 5</a></li>\r\n</ul>\r\n</div>\r\n\r\n<div class="box-info left">\r\n<h3>Info Perusahaan</h3>\r\n<ul>\r\n<li><a href="#">Profile</a></li>\r\n<li><a href="#">Prestasi</a></li>\r\n<li><a href="#">Karier</a></li>\r\n<li><a href="#">Target Pasar</a></li>\r\n<li><a href="#">Lebih Unggul</a></li>\r\n</ul>\r\n</div>\r\n\r\n<div class="box-info left">\r\n<h3>Memulai Bisnis</h3>\r\n<ul>\r\n<li><a href="#">Memulai Dengan Benar</a></li>\r\n<li><a href="#">Mudah Dijalankan</a></li>\r\n<li><a href="#">Bisnis Perorangan</a></li>\r\n</ul>\r\n</div>\r\n\r\n<div class="box-info left">\r\n<h3>Web Support</h3>\r\n<ul>\r\n<li><a href="http://banghaq.com" target="_blank">Bang Haq</a></li>\r\n<li><a href="http://surabraja.com" target="_blank">PD Surabraja</a></li>\r\n<li><a href="#">http://websupport-gi.com</a></li>\r\n<li><a href="#">http://websupport-gi.com</a></li>\r\n<li><a href="#">http://websupport-gi.com</a></li>\r\n</ul>\r\n</div>', 'user', '1'),
(20, 0, NULL, 'Ikhtisar', NULL, 'user', '1'),
(21, 0, NULL, 'How To Work', NULL, 'user', '1');

-- --------------------------------------------------------

--
-- Table structure for table `site_support`
--

CREATE TABLE IF NOT EXISTS `site_support` (
  `support_id` int(15) NOT NULL AUTO_INCREMENT,
  `support_name` varchar(255) NOT NULL,
  `support_nick` varchar(255) NOT NULL,
  `support_phone` varchar(255) NOT NULL,
  PRIMARY KEY (`support_id`)
) ENGINE=MyISAM  DEFAULT CHARSET=latin1 AUTO_INCREMENT=3 ;

--
-- Dumping data for table `site_support`
--

INSERT INTO `site_support` (`support_id`, `support_name`, `support_nick`, `support_phone`) VALUES
(1, 'andro', 'the_andros', '0856434878900');

-- --------------------------------------------------------

--
-- Table structure for table `sys_stock_network_mid`
--

CREATE TABLE IF NOT EXISTS `sys_stock_network_mid` (
  `stock_id` int(15) unsigned NOT NULL AUTO_INCREMENT,
  `stock_network_mid` char(15) NOT NULL,
  PRIMARY KEY (`stock_id`)
) ENGINE=MyISAM  DEFAULT CHARSET=latin1 AUTO_INCREMENT=503 ;

--
-- Dumping data for table `sys_stock_network_mid`
--

INSERT INTO `sys_stock_network_mid` (`stock_id`, `stock_network_mid`) VALUES
(62, 'SS0000062'),
(63, 'SS0000063'),
(64, 'SS0000064'),
(65, 'SS0000065'),
(66, 'SS0000066'),
(67, 'SS0000067'),
(68, 'SS0000068'),
(69, 'SS0000069'),
(70, 'SS0000070'),
(71, 'SS0000071'),
(72, 'SS0000072'),
(73, 'SS0000073'),
(74, 'SS0000074'),
(75, 'SS0000075'),
(76, 'SS0000076'),
(77, 'SS0000077'),
(78, 'SS0000078'),
(79, 'SS0000079'),
(80, 'SS0000080'),
(81, 'SS0000081'),
(82, 'SS0000082'),
(83, 'SS0000083'),
(84, 'SS0000084'),
(85, 'SS0000085'),
(86, 'SS0000086'),
(87, 'SS0000087'),
(88, 'SS0000088'),
(89, 'SS0000089'),
(90, 'SS0000090'),
(91, 'SS0000091'),
(92, 'SS0000092'),
(93, 'SS0000093'),
(94, 'SS0000094'),
(95, 'SS0000095'),
(96, 'SS0000096'),
(97, 'SS0000097'),
(98, 'SS0000098'),
(99, 'SS0000099'),
(100, 'SS0000100'),
(101, 'SS0000101'),
(102, 'SS0000102'),
(103, 'SS0000103'),
(104, 'SS0000104'),
(105, 'SS0000105'),
(106, 'SS0000106'),
(107, 'SS0000107'),
(108, 'SS0000108'),
(109, 'SS0000109'),
(110, 'SS0000110'),
(111, 'SS0000111'),
(112, 'SS0000112'),
(113, 'SS0000113'),
(114, 'SS0000114'),
(115, 'SS0000115'),
(116, 'SS0000116'),
(117, 'SS0000117'),
(118, 'SS0000118'),
(119, 'SS0000119'),
(120, 'SS0000120'),
(121, 'SS0000121'),
(122, 'SS0000122'),
(123, 'SS0000123'),
(124, 'SS0000124'),
(125, 'SS0000125'),
(126, 'SS0000126'),
(127, 'SS0000127'),
(128, 'SS0000128'),
(129, 'SS0000129'),
(130, 'SS0000130'),
(131, 'SS0000131'),
(132, 'SS0000132'),
(133, 'SS0000133'),
(134, 'SS0000134'),
(135, 'SS0000135'),
(136, 'SS0000136'),
(137, 'SS0000137'),
(138, 'SS0000138'),
(139, 'SS0000139'),
(140, 'SS0000140'),
(141, 'SS0000141'),
(142, 'SS0000142'),
(143, 'SS0000143'),
(144, 'SS0000144'),
(145, 'SS0000145'),
(146, 'SS0000146'),
(147, 'SS0000147'),
(148, 'SS0000148'),
(149, 'SS0000149'),
(150, 'SS0000150'),
(151, 'SS0000151'),
(152, 'SS0000152'),
(153, 'SS0000153'),
(154, 'SS0000154'),
(155, 'SS0000155'),
(156, 'SS0000156'),
(157, 'SS0000157'),
(158, 'SS0000158'),
(159, 'SS0000159'),
(160, 'SS0000160'),
(161, 'SS0000161'),
(162, 'SS0000162'),
(163, 'SS0000163'),
(164, 'SS0000164'),
(165, 'SS0000165'),
(166, 'SS0000166'),
(167, 'SS0000167'),
(168, 'SS0000168'),
(169, 'SS0000169'),
(170, 'SS0000170'),
(171, 'SS0000171'),
(172, 'SS0000172'),
(173, 'SS0000173'),
(174, 'SS0000174'),
(175, 'SS0000175'),
(176, 'SS0000176'),
(177, 'SS0000177'),
(178, 'SS0000178'),
(179, 'SS0000179'),
(180, 'SS0000180'),
(181, 'SS0000181'),
(182, 'SS0000182'),
(183, 'SS0000183'),
(184, 'SS0000184'),
(185, 'SS0000185'),
(186, 'SS0000186'),
(187, 'SS0000187'),
(188, 'SS0000188'),
(189, 'SS0000189'),
(190, 'SS0000190'),
(191, 'SS0000191'),
(192, 'SS0000192'),
(193, 'SS0000193'),
(194, 'SS0000194'),
(195, 'SS0000195'),
(196, 'SS0000196'),
(197, 'SS0000197'),
(198, 'SS0000198'),
(199, 'SS0000199'),
(200, 'SS0000200'),
(201, 'SS0000201'),
(202, 'SS0000202'),
(203, 'SS0000203'),
(204, 'SS0000204'),
(205, 'SS0000205'),
(206, 'SS0000206'),
(207, 'SS0000207'),
(208, 'SS0000208'),
(209, 'SS0000209'),
(210, 'SS0000210'),
(211, 'SS0000211'),
(212, 'SS0000212'),
(213, 'SS0000213'),
(214, 'SS0000214'),
(215, 'SS0000215'),
(216, 'SS0000216'),
(217, 'SS0000217'),
(218, 'SS0000218'),
(219, 'SS0000219'),
(220, 'SS0000220'),
(221, 'SS0000221'),
(222, 'SS0000222'),
(223, 'SS0000223'),
(224, 'SS0000224'),
(225, 'SS0000225'),
(226, 'SS0000226'),
(227, 'SS0000227'),
(228, 'SS0000228'),
(229, 'SS0000229'),
(230, 'SS0000230'),
(231, 'SS0000231'),
(232, 'SS0000232'),
(233, 'SS0000233'),
(234, 'SS0000234'),
(235, 'SS0000235'),
(236, 'SS0000236'),
(237, 'SS0000237'),
(238, 'SS0000238'),
(239, 'SS0000239'),
(240, 'SS0000240'),
(241, 'SS0000241'),
(242, 'SS0000242'),
(243, 'SS0000243'),
(244, 'SS0000244'),
(245, 'SS0000245'),
(246, 'SS0000246'),
(247, 'SS0000247'),
(248, 'SS0000248'),
(249, 'SS0000249'),
(250, 'SS0000250'),
(251, 'SS0000251'),
(252, 'SS0000252'),
(253, 'SS0000253'),
(254, 'SS0000254'),
(255, 'SS0000255'),
(256, 'SS0000256'),
(257, 'SS0000257'),
(258, 'SS0000258'),
(259, 'SS0000259'),
(260, 'SS0000260'),
(261, 'SS0000261'),
(262, 'SS0000262'),
(263, 'SS0000263'),
(264, 'SS0000264'),
(265, 'SS0000265'),
(266, 'SS0000266'),
(267, 'SS0000267'),
(268, 'SS0000268'),
(269, 'SS0000269'),
(270, 'SS0000270'),
(271, 'SS0000271'),
(272, 'SS0000272'),
(273, 'SS0000273'),
(274, 'SS0000274'),
(275, 'SS0000275'),
(276, 'SS0000276'),
(277, 'SS0000277'),
(278, 'SS0000278'),
(279, 'SS0000279'),
(280, 'SS0000280'),
(281, 'SS0000281'),
(282, 'SS0000282'),
(283, 'SS0000283'),
(284, 'SS0000284'),
(285, 'SS0000285'),
(286, 'SS0000286'),
(287, 'SS0000287'),
(288, 'SS0000288'),
(289, 'SS0000289'),
(290, 'SS0000290'),
(291, 'SS0000291'),
(292, 'SS0000292'),
(293, 'SS0000293'),
(294, 'SS0000294'),
(295, 'SS0000295'),
(296, 'SS0000296'),
(297, 'SS0000297'),
(298, 'SS0000298'),
(299, 'SS0000299'),
(300, 'SS0000300'),
(301, 'SS0000301'),
(302, 'SS0000302'),
(303, 'SS0000303'),
(304, 'SS0000304'),
(305, 'SS0000305'),
(306, 'SS0000306'),
(307, 'SS0000307'),
(308, 'SS0000308'),
(309, 'SS0000309'),
(310, 'SS0000310'),
(311, 'SS0000311'),
(312, 'SS0000312'),
(313, 'SS0000313'),
(314, 'SS0000314'),
(315, 'SS0000315'),
(316, 'SS0000316'),
(317, 'SS0000317'),
(318, 'SS0000318'),
(319, 'SS0000319'),
(320, 'SS0000320'),
(321, 'SS0000321'),
(322, 'SS0000322'),
(323, 'SS0000323'),
(324, 'SS0000324'),
(325, 'SS0000325'),
(326, 'SS0000326'),
(327, 'SS0000327'),
(328, 'SS0000328'),
(329, 'SS0000329'),
(330, 'SS0000330'),
(331, 'SS0000331'),
(332, 'SS0000332'),
(333, 'SS0000333'),
(334, 'SS0000334'),
(335, 'SS0000335'),
(336, 'SS0000336'),
(337, 'SS0000337'),
(338, 'SS0000338'),
(339, 'SS0000339'),
(340, 'SS0000340'),
(341, 'SS0000341'),
(342, 'SS0000342'),
(343, 'SS0000343'),
(344, 'SS0000344'),
(345, 'SS0000345'),
(346, 'SS0000346'),
(347, 'SS0000347'),
(348, 'SS0000348'),
(349, 'SS0000349'),
(350, 'SS0000350'),
(351, 'SS0000351'),
(352, 'SS0000352'),
(353, 'SS0000353'),
(354, 'SS0000354'),
(355, 'SS0000355'),
(356, 'SS0000356'),
(357, 'SS0000357'),
(358, 'SS0000358'),
(359, 'SS0000359'),
(360, 'SS0000360'),
(361, 'SS0000361'),
(362, 'SS0000362'),
(363, 'SS0000363'),
(364, 'SS0000364'),
(365, 'SS0000365'),
(366, 'SS0000366'),
(367, 'SS0000367'),
(368, 'SS0000368'),
(369, 'SS0000369'),
(370, 'SS0000370'),
(371, 'SS0000371'),
(372, 'SS0000372'),
(373, 'SS0000373'),
(374, 'SS0000374'),
(375, 'SS0000375'),
(376, 'SS0000376'),
(377, 'SS0000377'),
(378, 'SS0000378'),
(379, 'SS0000379'),
(380, 'SS0000380'),
(381, 'SS0000381'),
(382, 'SS0000382'),
(383, 'SS0000383'),
(384, 'SS0000384'),
(385, 'SS0000385'),
(386, 'SS0000386'),
(387, 'SS0000387'),
(388, 'SS0000388'),
(389, 'SS0000389'),
(390, 'SS0000390'),
(391, 'SS0000391'),
(392, 'SS0000392'),
(393, 'SS0000393'),
(394, 'SS0000394'),
(395, 'SS0000395'),
(396, 'SS0000396'),
(397, 'SS0000397'),
(398, 'SS0000398'),
(399, 'SS0000399'),
(400, 'SS0000400'),
(401, 'SS0000401'),
(402, 'SS0000402'),
(403, 'SS0000403'),
(404, 'SS0000404'),
(405, 'SS0000405'),
(406, 'SS0000406'),
(407, 'SS0000407'),
(408, 'SS0000408'),
(409, 'SS0000409'),
(410, 'SS0000410'),
(411, 'SS0000411'),
(412, 'SS0000412'),
(413, 'SS0000413'),
(414, 'SS0000414'),
(415, 'SS0000415'),
(416, 'SS0000416'),
(417, 'SS0000417'),
(418, 'SS0000418'),
(419, 'SS0000419'),
(420, 'SS0000420'),
(421, 'SS0000421'),
(422, 'SS0000422'),
(423, 'SS0000423'),
(424, 'SS0000424'),
(425, 'SS0000425'),
(426, 'SS0000426'),
(427, 'SS0000427'),
(428, 'SS0000428'),
(429, 'SS0000429'),
(430, 'SS0000430'),
(431, 'SS0000431'),
(432, 'SS0000432'),
(433, 'SS0000433'),
(434, 'SS0000434'),
(435, 'SS0000435'),
(436, 'SS0000436'),
(437, 'SS0000437'),
(438, 'SS0000438'),
(439, 'SS0000439'),
(440, 'SS0000440'),
(441, 'SS0000441'),
(442, 'SS0000442'),
(443, 'SS0000443'),
(444, 'SS0000444'),
(445, 'SS0000445'),
(446, 'SS0000446'),
(447, 'SS0000447'),
(448, 'SS0000448'),
(449, 'SS0000449'),
(450, 'SS0000450'),
(451, 'SS0000451'),
(452, 'SS0000452'),
(453, 'SS0000453'),
(454, 'SS0000454'),
(455, 'SS0000455'),
(456, 'SS0000456'),
(457, 'SS0000457'),
(458, 'SS0000458'),
(459, 'SS0000459'),
(460, 'SS0000460'),
(461, 'SS0000461'),
(462, 'SS0000462'),
(463, 'SS0000463'),
(464, 'SS0000464'),
(465, 'SS0000465'),
(466, 'SS0000466'),
(467, 'SS0000467'),
(468, 'SS0000468'),
(469, 'SS0000469'),
(470, 'SS0000470'),
(471, 'SS0000471'),
(472, 'SS0000472'),
(473, 'SS0000473'),
(474, 'SS0000474'),
(475, 'SS0000475'),
(476, 'SS0000476'),
(477, 'SS0000477'),
(478, 'SS0000478'),
(479, 'SS0000479'),
(480, 'SS0000480'),
(481, 'SS0000481'),
(482, 'SS0000482'),
(483, 'SS0000483'),
(484, 'SS0000484'),
(485, 'SS0000485'),
(486, 'SS0000486'),
(487, 'SS0000487'),
(488, 'SS0000488'),
(489, 'SS0000489'),
(490, 'SS0000490'),
(491, 'SS0000491'),
(492, 'SS0000492'),
(493, 'SS0000493'),
(494, 'SS0000494'),
(495, 'SS0000495'),
(496, 'SS0000496'),
(497, 'SS0000497'),
(498, 'SS0000498'),
(499, 'SS0000499'),
(500, 'SS0000500'),
(501, 'SS0000501'),
(502, 'SS0000502');
